0.307299255824, -0.000683073020205, 0.290289063649, 0.923756778622, -0.382979227574, 0.000510004117737, 0.000255132138599, 1703002768465770006
0.307300048537, -0.000681775687306, 0.290291058162, 0.923757136067, -0.382978365759, 0.000511157643476, 0.000252275523935, 1703002768475460052
0.307300567417, -0.000682801861785, 0.290291165774, 0.923757680383, -0.382977050585, 0.00051172168504, 0.000254557957901, 1703002768486659049
0.307299185755, -0.000682603220302, 0.290290603933, 0.923757402873, -0.382977720084, 0.000511585465351, 0.000254631863413, 1703002768497603893
0.307301945642, -0.000684115704643, 0.290292519823, 0.92375687454, -0.382978992102, 0.000513416290506, 0.00025446684393, 1703002768507407903
0.307299021419, -0.000681286627586, 0.290289084331, 0.923756053837, -0.382980980146, 0.000507983841393, 0.000252582664782, 1703002768517493963
0.307300808036, -0.0006813073612, 0.290290857715, 0.923757668925, -0.382977079931, 0.000510995507124, 0.000253441572904, 1703002768527672052
0.307300813751, -0.000683184918807, 0.290290927757, 0.92375794475, -0.382976412225, 0.000511879638444, 0.000255284271053, 1703002768537723064
0.307300183682, -0.000682277815512, 0.290290009544, 0.923757339506, -0.382977875343, 0.000510202995259, 0.000253770265157, 1703002768581861972
0.307300255243, -0.000682474723956, 0.290290523304, 0.923756361712, -0.382980232297, 0.000511212699307, 0.000254022365089, 1703002768581979990
0.307300817963, -0.000681098343842, 0.290290929966, 0.923756949344, -0.382978815755, 0.000511008488256, 0.000253164876909, 1703002768582037925
0.307301261754, -0.000682009484458, 0.290292105569, 0.923757411949, -0.382977696817, 0.000513346050327, 0.00025315117856, 1703002768582092046
0.307299464851, -0.000681484665132, 0.290289551595, 0.923756854779, -0.382979044913, 0.000509341107355, 0.00025490726, 1703002768625844001
0.3072985358, -0.000684163206769, 0.290288025966, 0.923756640523, -0.382979560712, 0.000509335211356, 0.000256407296114, 1703002768625909090
0.307299965184, -0.000682407487614, 0.290290461074, 0.923757082223, -0.382978494046, 0.000511124118661, 0.000254742627302, 1703002768626019954
0.307300050952, -0.000680601229286, 0.290291058035, 0.923756569895, -0.382979731583, 0.000511090723633, 0.000252108281641, 1703002768626072883
0.307299507551, -0.000681578846968, 0.290289433204, 0.923757230427, -0.382978139358, 0.000509704717881, 0.000253395879933, 1703002768670058965
0.307300942388, -0.000681583668991, 0.290291826399, 0.92375646042, -0.38297999398, 0.000512233929284, 0.000252308855723, 1703002768670142889
0.307300255547, -0.000682319287431, 0.290290522694, 0.923756236335, -0.382980535506, 0.000510941465044, 0.000253365813946, 1703002768670211076
0.30730142808, -0.000683087828763, 0.290292230805, 0.923757374853, -0.38297778758, 0.000512615490875, 0.000252686975293, 1703002768670277118
0.307299351771, -0.000682095041892, 0.290289157666, 0.923756160694, -0.382980719437, 0.00050923819101, 0.000254551666151, 1703002768713823080
0.307300408527, -0.000683804898673, 0.290291636616, 0.923757227694, -0.382978139974, 0.000513486750851, 0.00025478881272, 1703002768713881969
0.307300378224, -0.000682209418039, 0.290291397405, 0.92375775182, -0.382976875545, 0.000513329567529, 0.00025542651249, 1703002768713994979
0.307299964161, -0.000683626470065, 0.290290461718, 0.923756064354, -0.382980947963, 0.000511534545066, 0.000255732086845, 1703002768714047908
0.307300630434, -0.000680890950526, 0.29029118385, 0.923757387786, -0.382977756764, 0.000512204792147, 0.000252944059479, 1703002768757896900
0.307300085123, -0.000683462686586, 0.290290397336, 0.9237569599, -0.382978787104, 0.000512302634135, 0.000255364007676, 1703002768757958889
0.307299423729, -0.000682326320607, 0.290289671114, 0.923756714454, -0.382979383023, 0.000509981572626, 0.000254163019491, 1703002768758016109
0.307299522365, -0.000683000267485, 0.290290533027, 0.923755691965, -0.382981849748, 0.000510663151287, 0.00025209045113, 1703002768758060932
0.30729924693, -0.000682088829849, 0.290290711311, 0.92375663957, -0.382979562626, 0.000511157337035, 0.000253336410165, 1703002768758102893
0.307300002642, -0.000681422485528, 0.29028979306, 0.923757121915, -0.382978401493, 0.0005099622608, 0.000252268319635, 1703002768801913022
0.307300181503, -0.000684163441904, 0.29029001088, 0.923756858843, -0.382979032576, 0.000510931934868, 0.000255532915675, 1703002768801976919
0.307299867502, -0.000682075405344, 0.290290845174, 0.923757558116, -0.382977347309, 0.000511521071506, 0.000252223542455, 1703002768802025079
0.307300809938, -0.000681513096191, 0.290292096679, 0.923756298723, -0.382980385268, 0.000511475222848, 0.000251917646182, 1703002768802069902
0.307299933797, -0.000682900466357, 0.290290412859, 0.923757641504, -0.38297714626, 0.000510677152877, 0.000253798496677, 1703002768809362888
0.307299714, -0.000681378576034, 0.290289733012, 0.923757214975, -0.382978176627, 0.000509892345118, 0.000253019029491, 1703002768819811105
0.307299018091, -0.000682882662317, 0.290289083055, 0.923756536008, -0.382979813458, 0.000509237065889, 0.000255622874197, 1703002768861794948
0.30730068202, -0.00068256076994, 0.290290981742, 0.923757299434, -0.382977969417, 0.000512271746576, 0.000253497574354, 1703002768861855030
0.30729963366, -0.000682551453581, 0.290290389138, 0.923757611517, -0.382977217907, 0.000510699534508, 0.000254782854305, 1703002768861903905
0.307300408853, -0.000682585216302, 0.290291635702, 0.923756038904, -0.38298100907, 0.000512908122584, 0.000253387993169, 1703002768861948966
0.307298078121, -0.000680563116524, 0.290288986726, 0.923758414272, -0.3829752833, 0.000509617014667, 0.00025442536767, 1703002768905881881
0.307300007937, -0.000683064661143, 0.290289799495, 0.923757050684, -0.382978569238, 0.000511354254867, 0.000255602655043, 1703002768905955076
0.307299171204, -0.00068254233271, 0.290288945559, 0.923756999889, -0.382978694244, 0.00050980044479, 0.000254979586841, 1703002768906013965
0.307300404681, -0.000681495155495, 0.290289560594, 0.92375815742, -0.382975900898, 0.000510463789939, 0.000255651748091, 1703002768906079053
0.307300120147, -0.000681135212078, 0.290291570191, 0.92375717135, -0.382978276494, 0.000513065930775, 0.000254708217317, 1703002768949860095
0.307299794219, -0.000683746436102, 0.290290333574, 0.923756317362, -0.382980338296, 0.000511625520402, 0.000254659113387, 1703002768949951887
0.307300623175, -0.000681716816913, 0.29028951995, 0.923755974631, -0.382981168618, 0.00050967203363, 0.000253084222829, 1703002768950030088
0.307301805558, -0.000682590959087, 0.290291816598, 0.923756457133, -0.382980000489, 0.000512673483813, 0.000253567480843, 1703002768950109958
0.307299843264, -0.000682092017482, 0.290289090443, 0.923756211061, -0.38298059786, 0.0005099680725, 0.000253222609398, 1703002768993915081
0.307299794077, -0.000682514184343, 0.290290322063, 0.923756499262, -0.382979901166, 0.000511065142677, 0.000253349145583, 1703002768993988037
0.307299630253, -0.000682269752571, 0.290290382778, 0.923756443715, -0.382980037727, 0.000509659633054, 0.000252278945617, 1703002768994041919
0.307299964108, -0.000683018750162, 0.290290460319, 0.923756044872, -0.382980997039, 0.000510826387368, 0.000254021367862, 1703002768994090080
0.30729854789, -0.000683889295588, 0.290288811223, 0.923755750375, -0.382981708191, 0.000509316481782, 0.000255805297925, 1703002769037831068
0.307300336726, -0.000684492089296, 0.290291122257, 0.923758007469, -0.38297625757, 0.000513514914774, 0.000257054489615, 1703002769037894964
0.307301427545, -0.000681439509914, 0.290292207956, 0.923757094481, -0.382978464437, 0.000512392794835, 0.000252244635005, 1703002769037950038
0.307301005758, -0.000682592476601, 0.290290014556, 0.923757389526, -0.382977753193, 0.0005116517504, 0.000253115788722, 1703002769037992954
0.307300419755, -0.000682602022367, 0.2902924199, 0.923757074652, -0.382978510961, 0.000512983729661, 0.000253023407008, 1703002769081844091
0.307299579988, -0.000681593211319, 0.290290783702, 0.923757034756, -0.382978608181, 0.000511821588495, 0.000253875060002, 1703002769081902980
0.307299294157, -0.000683623093091, 0.290288647751, 0.923756858757, -0.382979036785, 0.00050838154689, 0.000254618844238, 1703002769081949949
0.307300048905, -0.000682033172875, 0.290291057429, 0.92375567466, -0.382981890258, 0.000511311042375, 0.000252644155994, 1703002769082035064
0.307300823841, -0.000681209527135, 0.290292077662, 0.923758069268, -0.382976112562, 0.000512175593699, 0.00025366422789, 1703002769082079887
0.30729928267, -0.000682863615222, 0.290289058211, 0.923756638069, -0.382979567474, 0.000509353409846, 0.000255107798364, 1703002769129806995
0.30729901855, -0.000683486518171, 0.290289085638, 0.923755645597, -0.382981962751, 0.000508692232758, 0.000254296920428, 1703002769129867076
0.307300519302, -0.000682907345028, 0.290292035912, 0.923757527528, -0.382977418438, 0.000512257082973, 0.000254742467839, 1703002769129914045
0.307299895201, -0.00068092057005, 0.290289817816, 0.92375861662, -0.382974793278, 0.000510421041196, 0.000255743763353, 1703002769129959106
0.307299798303, -0.000680648445419, 0.290290331304, 0.923756116708, -0.38298082595, 0.000510374661256, 0.000251630202104, 1703002769132563114
0.307300669587, -0.000682535818163, 0.290290897783, 0.923755901209, -0.382981344479, 0.000510697852938, 0.000252883391771, 1703002769143315076
0.307300469156, -0.000681959618784, 0.290290478955, 0.923757627516, -0.382977178691, 0.000511933547279, 0.000253242912093, 1703002769189806938
0.307300683715, -0.000682084729327, 0.290291980574, 0.923756636038, -0.3829795686, 0.000512840417722, 0.000253784256401, 1703002769189868927
0.307299412247, -0.000682671814117, 0.290289598917, 0.923756389763, -0.382980166865, 0.000509680991143, 0.000253744527711, 1703002769189923048
0.307299719821, -0.00068082890579, 0.290290987465, 0.923756474932, -0.382979959293, 0.000511309373604, 0.000253700555526, 1703002769189990043
0.307300119294, -0.000682345599421, 0.290291571848, 0.923756979069, -0.382978742885, 0.000512181705344, 0.000252566432653, 1703002769238672971
0.307299718453, -0.000681760208713, 0.290290987436, 0.923756582145, -0.382979700503, 0.000511373770413, 0.000253858255907, 1703002769238734006
0.307299484237, -0.000681637766146, 0.290290236094, 0.923756161136, -0.382980717701, 0.000510515542866, 0.000252996249255, 1703002769238780975
0.307301554805, -0.000683886599768, 0.290291175505, 0.92375752632, -0.382977419332, 0.000513164984975, 0.000255949658103, 1703002769238830089
0.30729990794, -0.000682384097386, 0.290291146186, 0.923756816099, -0.382979136499, 0.000510998091384, 0.000254161217331, 1703002769238873004
0.307298557279, -0.000682446562008, 0.290289298929, 0.923757372588, -0.382977794625, 0.000510078341555, 0.000255406937257, 1703002769282005071
0.30729964128, -0.000682912449465, 0.290289220753, 0.923756747556, -0.382979303439, 0.000509609601618, 0.000254518557969, 1703002769282097101
0.307298882844, -0.000681240627997, 0.290288882077, 0.923757935915, -0.382976438062, 0.000509061589467, 0.000254126414833, 1703002769282162904
0.307300618618, -0.000682379392643, 0.290291113729, 0.923758048108, -0.382976162706, 0.000512589208294, 0.000254179677121, 1703002769282211065
0.307300254271, -0.000682310360473, 0.29029051945, 0.923756214808, -0.382980588349, 0.000510625100769, 0.000252614607079, 1703002769290385007
0.307300212709, -0.000682544882923, 0.29029046183, 0.923757724361, -0.382976944324, 0.00051158757826, 0.00025510445052, 1703002769300601005
0.307300050701, -0.000681057560457, 0.290291059213, 0.923757134058, -0.382978369456, 0.000511551438504, 0.000253223022853, 1703002769345958948
0.307301330198, -0.000682951299598, 0.290292617807, 0.923755575475, -0.382982127158, 0.000513590239649, 0.000251556539047, 1703002769346029996
0.307299957021, -0.00068313791003, 0.290290449741, 0.923757822474, -0.382976708545, 0.000511111734348, 0.000254745597053, 1703002769346084117
0.307299103684, -0.000681782762073, 0.290288340395, 0.923757685693, -0.382977040366, 0.000509119953749, 0.000255876956773, 1703002769346129894
0.307300289363, -0.000683058399942, 0.290291410465, 0.923757481521, -0.382977529009, 0.000512569951715, 0.000254717819828, 1703002769393964052
0.307299712723, -0.000683078711821, 0.290289734604, 0.923757730329, -0.382976930241, 0.000511024965247, 0.000255760896549, 1703002769394043922
0.307300970248, -0.000682302058421, 0.290292041958, 0.923756452974, -0.382980011412, 0.000512619065254, 0.000252326139058, 1703002769394156932
0.307301223558, -0.000682295507724, 0.290292769639, 0.923757430521, -0.382977650887, 0.000513803603743, 0.000253936596336, 1703002769394221067
0.307299895848, -0.000681231921695, 0.290289946415, 0.923757940968, -0.382976425339, 0.000509737435891, 0.000253575139584, 1703002769441876888
0.307299400404, -0.00068308447884, 0.290289170034, 0.923757047692, -0.382978577177, 0.000510223443527, 0.000256778012509, 1703002769441941022
0.307299504672, -0.000683609862654, 0.290290270714, 0.923757252417, -0.382978083455, 0.000511231982401, 0.000254641504477, 1703002769441989898
0.307300274569, -0.00068236102729, 0.2902923889, 0.923756113147, -0.382980831107, 0.000512548138137, 0.000252434032342, 1703002769442034006
0.307299980824, -0.000681812241996, 0.290290959291, 0.923756726822, -0.382979351171, 0.000511676174515, 0.00025380232827, 1703002769442075967
0.307299251305, -0.000684361263349, 0.290289544652, 0.923756182137, -0.382980665087, 0.000510919226236, 0.000255137081326, 1703002769485948085
0.307299650009, -0.000682783553838, 0.290290301924, 0.923756597087, -0.382979663924, 0.000511407483851, 0.000254599422603, 1703002769486008882
0.307305312724, -0.000682564311854, 0.290290809345, 0.923757570459, -0.38297731109, 0.000516572882982, 0.000251719478712, 1703002769486057043
0.307405682708, -0.000683096228334, 0.290304263997, 0.923756417477, -0.382979951894, 0.000628895742138, 0.000205202325346, 1703002769486100912
0.307702735133, -0.000684132068228, 0.290348805143, 0.923756578225, -0.382978921047, 0.000962080488522, 6.79752860535e-05, 1703002769488320112
0.308158883626, -0.000686203911917, 0.290430437761, 0.923754796931, -0.382981602228, 0.00146553115028, -0.000140427540882, 1703002769498681068
0.308873552881, -0.000684409563594, 0.290538340892, 0.923753356171, -0.382981085349, 0.00223862197234, -0.000462384761429, 1703002769541794061
0.309735793708, -0.000684706468005, 0.290651508884, 0.923751944323, -0.382977317498, 0.00316368211577, -0.000843064023336, 1703002769541851997
0.310855194315, -0.00068605999477, 0.290768286977, 0.923748856605, -0.382971866976, 0.00433996228686, -0.00132806337211, 1703002769541898965
0.312002781977, -0.000685804360822, 0.290858773066, 0.923741560032, -0.382972459182, 0.00550790551606, -0.00181349223417, 1703002769541941881
0.31333060788, -0.000685603425446, 0.290938243261, 0.923735745502, -0.38296201601, 0.00683954945231, -0.00236375501408, 1703002769585901021
0.314972532333, -0.000685030783672, 0.2909977301, 0.923723128363, -0.382955664341, 0.00844813627126, -0.00302824530132, 1703002769585979938
0.31680231234, -0.000687980373155, 0.291019676001, 0.923705856198, -0.382948509146, 0.0101914982173, -0.00375019103482, 1703002769586045980
0.318596933467, -0.000690865376206, 0.290995324059, 0.923684846546, -0.382943903947, 0.0118555203922, -0.00444041972302, 1703002769586107015
0.320567930866, -0.00069217838951, 0.290927039496, 0.92366212515, -0.382929849271, 0.013645230284, -0.00517849316775, 1703002769629887104
0.3228557537, -0.000692282968691, 0.290768791792, 0.923632151087, -0.382913132306, 0.0156539859532, -0.00601126529375, 1703002769629954099
0.325007785449, -0.00069555266477, 0.290550477638, 0.923599215781, -0.38290023105, 0.0174950362754, -0.00676944439004, 1703002769630002975
0.32747708063, -0.000693823870459, 0.290218945344, 0.923560467859, -0.38288008539, 0.019519642638, -0.00760828304238, 1703002769630048036
0.329832546419, -0.000699414498269, 0.289837770593, 0.923520184562, -0.382861905688, 0.0213796345424, -0.00837502876887, 1703002769673897981
0.332279666216, -0.000701183142749, 0.289403437156, 0.92347518226, -0.382841724479, 0.0232786248732, -0.00916009671954, 1703002769673962116
0.335077402965, -0.00070259385243, 0.288845130089, 0.923419334141, -0.382817498445, 0.025426326473, -0.0100497831659, 1703002769674010038
0.33789897628, -0.000702553498176, 0.288152946049, 0.923361360748, -0.382787841585, 0.0275316214853, -0.0109213383528, 1703002769674053907
0.340729698542, -0.000704932090172, 0.2873152043, 0.923301165304, -0.382758490535, 0.0295426039618, -0.01175289847, 1703002769718857049
0.343636075261, -0.000705970017205, 0.286315978381, 0.923237766295, -0.382730636625, 0.0314896066923, -0.0125575214656, 1703002769718916893
0.346345421008, -0.00070688303062, 0.285245628346, 0.923181066926, -0.38270145504, 0.0331757206349, -0.0132546422319, 1703002769718964099
0.349406169028, -0.000704764109372, 0.283960631175, 0.923115406828, -0.38266491383, 0.0350515252059, -0.0140321053654, 1703002769719007015
0.352207506053, -0.000715380326189, 0.282709974119, 0.923048294065, -0.38264473187, 0.0367185026517, -0.0147175934867, 1703002769762011051
0.355379750146, -0.00071928004672, 0.281284011227, 0.922972765551, -0.382613460231, 0.0385778898004, -0.0154906590835, 1703002769762079000
0.358262345039, -0.000716681666557, 0.279944439398, 0.922905104433, -0.382577123439, 0.0402391036568, -0.0161779902874, 1703002769762126922
0.361352347345, -0.000716817720453, 0.278381456329, 0.922831617167, -0.382535838458, 0.0419834345708, -0.0168976292352, 1703002769762171983
0.364354648042, -0.000718347658984, 0.276623022492, 0.922763576235, -0.382506227806, 0.0434711913719, -0.0175106705686, 1703002769805907964
0.367501982863, -0.00071698823808, 0.274762020721, 0.922695911166, -0.382468364877, 0.0449621653274, -0.0181275777211, 1703002769805980920
0.370784095741, -0.000712028819172, 0.272875138465, 0.922621293422, -0.382423045127, 0.0465756040206, -0.018795653483, 1703002769806035995
0.37398298596, -0.000729670649934, 0.270864036932, 0.922537084689, -0.382410469969, 0.0480662237208, -0.0194215851324, 1703002769806094884
0.377186248994, -0.00074648933614, 0.268912895565, 0.922449531457, -0.382391242566, 0.049609616306, -0.0200670250479, 1703002769849848985
0.380306834099, -0.000752278992931, 0.266805101958, 0.922379042719, -0.382360558301, 0.0509157432239, -0.0206129110359, 1703002769849919080
0.382527632451, -0.000738046792676, 0.26513037367, 0.922343367279, -0.382321888523, 0.0517108491781, -0.0209445570354, 1703002769849967956
0.386472779775, -0.000744423490613, 0.262176440375, 0.922262814479, -0.382283137471, 0.0531662592121, -0.0215465244501, 1703002769850018024
0.389409463358, -0.00076473594191, 0.260219484622, 0.92218064015, -0.382275627584, 0.0544181285107, -0.0220653297338, 1703002769850060939
0.392306986869, -0.000778422354949, 0.25826736618, 0.922104745379, -0.382255506559, 0.0556224686681, -0.022576696713, 1703002769893798112
0.395259818704, -0.000773953801796, 0.255788831082, 0.922058728445, -0.38222210431, 0.0564643302316, -0.0229291013017, 1703002769893856048
0.398044452721, -0.000771008257313, 0.253573854334, 0.922008503062, -0.382194620853, 0.057319673428, -0.0232819052173, 1703002769893912076
0.401216915564, -0.000780913848675, 0.25131413732, 0.921934064297, -0.382170687497, 0.0584682651138, -0.0237614957724, 1703002769893956899
0.404011159447, -0.000790636702582, 0.249320847975, 0.921865744312, -0.382152589565, 0.0594797308655, -0.0241890340668, 1703002769901242971
0.406578423711, -0.000805296102889, 0.247042978086, 0.921822533818, -0.382148612983, 0.0600695198468, -0.024439855296, 1703002769912195920
0.409469606676, -0.000802783684161, 0.244520417425, 0.921781901156, -0.382121285438, 0.060749346271, -0.0247177434833, 1703002769953949928
0.412188448125, -0.000799563624171, 0.242414376105, 0.92173188004, -0.382089667152, 0.0615625448718, -0.0250575466275, 1703002769954034090
0.414831587248, -0.000807754473339, 0.24039341544, 0.921676801657, -0.382072015628, 0.0623558500707, -0.0253888976414, 1703002769954099893
0.41727883375, -0.000816624146373, 0.238119601324, 0.921646723563, -0.382069976985, 0.0627449135436, -0.0255524060883, 1703002769954163074
0.420081902399, -0.000818376642786, 0.235684039937, 0.921615929051, -0.382044976732, 0.0632623203289, -0.0257603163644, 1703002769997843027
0.422981995404, -0.000821259660624, 0.233606577743, 0.921558070689, -0.382023000598, 0.0640892980296, -0.0261096005485, 1703002769997904062
0.425672166352, -0.000833001308565, 0.231399734673, 0.921517980774, -0.382018307223, 0.0646025917002, -0.0263273470248, 1703002769997997999
0.427997191486, -0.000830734305697, 0.229214321108, 0.921509733999, -0.381997913957, 0.0648095025442, -0.0264032622496, 1703002769998044013
0.430713797605, -0.000834353833689, 0.227082986006, 0.921471726817, -0.381984287573, 0.0653367416339, -0.0266265077951, 1703002770045947074
0.433173799466, -0.00084097190058, 0.225332720218, 0.92142955275, -0.381970340744, 0.065911637754, -0.0268680873845, 1703002770046021938
0.435467895624, -0.000848390620079, 0.223335321611, 0.921406923316, -0.381968555881, 0.0661903059843, -0.0269842060626, 1703002770046073913
0.437928865611, -0.000844776804947, 0.221030255857, 0.92139571208, -0.381952242819, 0.0664038424478, -0.0270731541067, 1703002770046119928
0.440202157624, -0.000853798285667, 0.219242100816, 0.92135855213, -0.381945595631, 0.0668753231345, -0.0272703419628, 1703002770089832067
0.442552064947, -0.000874420108233, 0.21717272033, 0.921328116268, -0.381954382276, 0.0671885730032, -0.0274052493433, 1703002770089890956
0.444776181953, -0.0008636526136, 0.214890723426, 0.921333410262, -0.381932293389, 0.0672352370091, -0.0274206729597, 1703002770089939117
0.447083890221, -0.000872236295706, 0.212855410696, 0.921306753248, -0.381930031715, 0.067555804153, -0.0275595830745, 1703002770089999914
0.449294062083, -0.000893565562019, 0.210981565491, 0.921271804258, -0.381936986102, 0.0679274404593, -0.0277175785328, 1703002770133889913
0.451267008176, -0.000901702050965, 0.208805210447, 0.921272566834, -0.381944048691, 0.0678839333424, -0.0277014956847, 1703002770133949041
0.453091763961, -0.000895678006105, 0.206859061547, 0.921275359008, -0.381934487505, 0.0678980363249, -0.0277058983378, 1703002770133996009
0.455008306951, -0.000902766673337, 0.205254178753, 0.921249549735, -0.381927699917, 0.068227675621, -0.0278475030921, 1703002770134038925
0.456967736651, -0.00092416162636, 0.203507613947, 0.921224122163, -0.381941396519, 0.0684540328632, -0.0279451561829, 1703002770134080886
0.458591065316, -0.000922916333801, 0.201684809372, 0.921232934689, -0.381935866049, 0.068379611473, -0.027912416661, 1703002770177829980
0.460379048798, -0.000920615910066, 0.199757583901, 0.92123443784, -0.381930287564, 0.068388093343, -0.027918357183, 1703002770177895069
0.462256419579, -0.000929329176429, 0.198153875087, 0.921208523599, -0.381928351778, 0.0686945000572, -0.0280473852321, 1703002770177953958
0.463845331094, -0.000956034791861, 0.196730443007, 0.921185081297, -0.381946857525, 0.0688735901884, -0.0281260128378, 1703002770178002119
0.465359433413, -0.000958358806389, 0.194934507173, 0.921195429868, -0.381951390263, 0.0687324932073, -0.0280706224304, 1703002770186659097
0.466744085902, -0.000953135669877, 0.193384666023, 0.921201441479, -0.381945866103, 0.0686898916558, -0.0280527782402, 1703002770196708917
0.468150358072, -0.000959630492465, 0.19198852696, 0.921192073075, -0.381948130482, 0.0687853554778, -0.0280956401845, 1703002770238055944
0.469717041752, -0.000986765040489, 0.190654226945, 0.921161749697, -0.381964880878, 0.0690512517878, -0.0282096667406, 1703002770238126039
0.470957823166, -0.00100927004047, 0.189332594054, 0.921151481397, -0.38198113776, 0.0690908253307, -0.0282279395429, 1703002770238177061
0.472177644669, -0.00100292712514, 0.187759619374, 0.921161723343, -0.381978368998, 0.0689863125056, -0.0281867655619, 1703002770285890102
0.473306339775, -0.00100063667231, 0.186426470279, 0.921165040325, -0.381966195786, 0.069007000501, -0.0281926877449, 1703002770286011934
0.474437916889, -0.0010121983425, 0.18521213067, 0.921150226244, -0.381978176022, 0.0691181210408, -0.0282421507102, 1703002770286062002
0.475537585299, -0.00104415477744, 0.184118052737, 0.921126784761, -0.38200310183, 0.0692668093128, -0.0283052241617, 1703002770286107063
0.476590838185, -0.00106585274773, 0.183139766953, 0.921104315341, -0.382019708146, 0.0694401975912, -0.028387352933, 1703002770286149978
0.47756529855, -0.0010724105333, 0.182016792283, 0.921102843412, -0.382019901726, 0.0694559487683, -0.0283939733729, 1703002770330579996
0.478396453784, -0.00106897856916, 0.180833490412, 0.921114773252, -0.382018851317, 0.0693268226222, -0.0283366088295, 1703002770330699920
0.479228165019, -0.00106925529655, 0.179861521723, 0.921111687865, -0.382015186959, 0.0693792992456, -0.0283578604145, 1703002770330749034
0.480183787772, -0.00108451741157, 0.178919004765, 0.921090669453, -0.382024916589, 0.0695706365927, -0.0284406096269, 1703002770330792903
0.48104970534, -0.00111270111921, 0.17804177235, 0.92106849205, -0.382046113106, 0.0697195681129, -0.0285093359543, 1703002770332313060
0.481822593764, -0.00113104535798, 0.177212989248, 0.921053310275, -0.382060955051, 0.0698195817415, -0.0285561247943, 1703002770343482017
0.48251283138, -0.0011350987938, 0.176571471928, 0.921039430295, -0.382061726385, 0.0699716034929, -0.0286213168407, 1703002770385835886
0.483163436876, -0.00113723265906, 0.176014134762, 0.921026888083, -0.382052995927, 0.0701540549026, -0.0286947436374, 1703002770385895013
0.483756135768, -0.0011381812864, 0.175442461001, 0.92101755173, -0.382050929928, 0.0702684570419, -0.0287419604564, 1703002770386008024
0.484203822058, -0.00114101931158, 0.174928515558, 0.921016358157, -0.382046620455, 0.0703024256356, -0.0287544215186, 1703002770386059045
0.48468601715, -0.00114304574227, 0.174411086034, 0.921009400071, -0.382047719276, 0.0703753566483, -0.0287842726714, 1703002770433809041
0.485144800088, -0.00114583144972, 0.173944845913, 0.921001450991, -0.382046959055, 0.0704677396241, -0.0288226650676, 1703002770433867931
0.485509842113, -0.00114396278064, 0.173585652944, 0.920995918433, -0.382042122899, 0.0705517690971, -0.0288579701021, 1703002770433979034
0.485857571958, -0.00114606510144, 0.173252340404, 0.92098790503, -0.382042144876, 0.070640740166, -0.0288957463344, 1703002770434027910
0.48616842794, -0.0011512911914, 0.173010430006, 0.920978309143, -0.382040408978, 0.0707560451505, -0.0289423922712, 1703002770477830886
0.486404962679, -0.00114951614132, 0.172859196619, 0.920969385954, -0.382035756442, 0.0708764052909, -0.0289932079649, 1703002770477891921
0.486598233556, -0.0011482137766, 0.172773830256, 0.920959305075, -0.382032190441, 0.0710047897639, -0.0290462337291, 1703002770477938890
0.486733376213, -0.00114540735744, 0.172745633189, 0.920953692873, -0.382022355267, 0.0711132984415, -0.0290880464268, 1703002770478044986
0.486840738809, -0.00114465644957, 0.172786213421, 0.920943488935, -0.38202054569, 0.0712335851013, -0.0291405081068, 1703002770522517919
0.486930619138, -0.001151965819, 0.172872124857, 0.920931193886, -0.382023122837, 0.0713579229181, -0.0291910359943, 1703002770522608041
0.487020568031, -0.00115831123899, 0.172993071448, 0.920918845124, -0.382024991588, 0.0714845643692, -0.0292462570958, 1703002770522675037
0.487108633128, -0.00116115376802, 0.173139935766, 0.920906353241, -0.38202521532, 0.0716205391401, -0.0293039552525, 1703002770522738933
0.487214997263, -0.00116569209618, 0.173327287809, 0.920892653588, -0.382020385688, 0.0717932753955, -0.0293746675592, 1703002770565840005
0.48732046231, -0.00115953992475, 0.17351844281, 0.920881134356, -0.382009607041, 0.071968828498, -0.0294462941738, 1703002770565905094
0.487428783543, -0.00115500997474, 0.173725389379, 0.92086827564, -0.381998572862, 0.0721599510007, -0.0295237315089, 1703002770566021919
0.487544760917, -0.00115605694128, 0.173942974051, 0.920851299604, -0.381995133355, 0.0723599835113, -0.0296080208265, 1703002770566071987
0.487663362385, -0.00115954308883, 0.174162084718, 0.920834589743, -0.381991062423, 0.0725599740581, -0.0296906841807, 1703002770566116094
0.487813006456, -0.00116586351183, 0.174424511442, 0.920812447821, -0.381991312009, 0.0727983270998, -0.0297905532001, 1703002770609839916
0.487945576418, -0.00117049488299, 0.174649579479, 0.920795689797, -0.381986130335, 0.0730027020226, -0.0298747281297, 1703002770609899044
0.488100181716, -0.00117093783175, 0.174902994367, 0.920776467562, -0.381980835675, 0.073233042895, -0.0299709757908, 1703002770610049009
0.488243553778, -0.00116806077432, 0.175135655904, 0.920762133765, -0.381968017106, 0.073444160298, -0.0300579814824, 1703002770610097885
0.488387725224, -0.00116974549747, 0.175368609012, 0.920743563829, -0.381965917852, 0.0736521241049, -0.0301445166073, 1703002770616589069
0.488541109095, -0.0011648136174, 0.175604561928, 0.920728377234, -0.381954516385, 0.0738650862784, -0.0302316357185, 1703002770626319885
0.488713895526, -0.00116588245601, 0.17586258702, 0.920711307398, -0.381943414982, 0.0740963682424, -0.0303256392323, 1703002770673830032
0.488870853837, -0.00116594577921, 0.176088787519, 0.920694053542, -0.381939650629, 0.074296030123, -0.0304082712056, 1703002770673888921
0.489052396469, -0.00116793301989, 0.176337242859, 0.920675728586, -0.381933548538, 0.0745162172562, -0.0305008304681, 1703002770673935890
0.489228337677, -0.00117002133842, 0.17657292321, 0.92065812382, -0.381928722801, 0.0747234209724, -0.0305856192133, 1703002770673979043
0.48940358358, -0.00117427878979, 0.176805284319, 0.920640328596, -0.381924993274, 0.0749264391892, -0.0306710545353, 1703002770721872091
0.489576131452, -0.0011759322796, 0.177027978593, 0.920624145777, -0.381919303399, 0.0751214858745, -0.0307504514522, 1703002770721998929
0.489735554806, -0.00117569618296, 0.177222275404, 0.920611185553, -0.381911114764, 0.0752928580792, -0.0308209502951, 1703002770722048997
0.489891229003, -0.00117035796605, 0.177408408302, 0.920599299069, -0.381902733473, 0.0754534511579, -0.0308870430422, 1703002770722095966
0.490057716856, -0.0011735308896, 0.177601285934, 0.920583995767, -0.381900870148, 0.0756205814243, -0.0309573865603, 1703002770766088008
0.490199891282, -0.00117433024693, 0.177762319383, 0.920572266442, -0.381897144511, 0.0757589847409, -0.0310136986395, 1703002770766177892
0.490333346732, -0.00117357804019, 0.177911535629, 0.920562707823, -0.38189027337, 0.0758877088655, -0.0310672772338, 1703002770766256093
0.490470861184, -0.00117504900328, 0.17806463526, 0.92055142426, -0.381886591208, 0.0760205739436, -0.0311220032418, 1703002770766330957
0.490590713233, -0.00117565806301, 0.178201510207, 0.920540834039, -0.38188499462, 0.0761371957618, -0.0311697156147, 1703002770766402959
0.49069071581, -0.00117633159992, 0.178312423294, 0.920533603037, -0.381880212528, 0.0762324191398, -0.0312090889175, 1703002770810100078
0.490791402739, -0.00117646656358, 0.178424992263, 0.920526157556, -0.38187562734, 0.0763291745439, -0.0312482897462, 1703002770810165882
0.490877959974, -0.00117769473251, 0.178522061434, 0.920518393076, -0.381874930464, 0.0764121524073, -0.0312827181632, 1703002770810220003
0.49093676116, -0.00117541513978, 0.178589349876, 0.920513524826, -0.381873184672, 0.0764693887089, -0.0313074117724, 1703002770810265064
0.491016167301, -0.00117473560379, 0.178682660558, 0.920508775017, -0.38186555343, 0.0765509538606, -0.0313407990295, 1703002770819636106
0.491054968454, -0.00117791815694, 0.178728148595, 0.920504624963, -0.381866548348, 0.0765897761802, -0.0313557149561, 1703002770829790115
0.491093697652, -0.0011782100192, 0.178774321478, 0.920500417474, -0.381867369548, 0.0766295603434, -0.0313720255295, 1703002770873858928
0.491119288925, -0.00117535155157, 0.17880327068, 0.920499032576, -0.381864698096, 0.0766547877273, -0.0313835449452, 1703002770873961925
0.491141956878, -0.00117500146625, 0.178829987797, 0.920496920925, -0.38186410755, 0.076678907549, -0.0313937425127, 1703002770874036073
0.491153172671, -0.00117784267146, 0.178844846061, 0.920494497654, -0.381866959543, 0.0766913807029, -0.0313996357261, 1703002770874099969
0.491166039074, -0.00117673435301, 0.178860757543, 0.920494006806, -0.381865067356, 0.0767047358625, -0.0314044147213, 1703002770917840957
0.491170422099, -0.00117760954904, 0.178864559525, 0.920493971527, -0.381864389705, 0.0767080737993, -0.0314055356893, 1703002770917922973
0.491173592677, -0.00117727710629, 0.178868913691, 0.920493117715, -0.381865337251, 0.0767127645637, -0.0314075818627, 1703002770917989015
0.491176507869, -0.00117634945206, 0.178872190083, 0.92049377324, -0.381863182581, 0.0767148904906, -0.0314093742909, 1703002770918051958
0.491181089231, -0.0011772469684, 0.17887793208, 0.92049244293, -0.38186515275, 0.0767203741373, -0.0314110142424, 1703002770961850881
0.491185113724, -0.00117503332194, 0.178882291191, 0.920494221026, -0.381859922119, 0.0767245040929, -0.03141240851, 1703002770961910963
0.491188195429, -0.00117650725713, 0.178887111271, 0.920492783346, -0.38186250668, 0.0767280037129, -0.0314145706156, 1703002770961958885
0.491191061403, -0.00117678501148, 0.178890233199, 0.920491554023, -0.381864713403, 0.0767309590443, -0.0314165490553, 1703002770962002992
0.491194556652, -0.00117741715721, 0.178893962167, 0.92049142985, -0.381863994069, 0.076736089353, -0.0314164001286, 1703002771005816936
0.491196195717, -0.00117776200496, 0.178896483308, 0.920491285906, -0.381864019651, 0.0767373246239, -0.0314172894508, 1703002771005882024
0.491195259579, -0.00117638518787, 0.178897270791, 0.920492282298, -0.381861507084, 0.0767376179596, -0.0314179188802, 1703002771005934953
0.491198231744, -0.00117722759169, 0.178898770368, 0.920491335396, -0.381863131627, 0.0767406421058, -0.0314185297744, 1703002771005980014
0.491199219142, -0.00117611735133, 0.17890253004, 0.920491598881, -0.381862098798, 0.076742431411, -0.0314189928748, 1703002771049830913
0.491201321619, -0.00117604817139, 0.178904513656, 0.920490362531, -0.381864472278, 0.0767446094829, -0.0314210473184, 1703002771049890995
0.491202163296, -0.00117953811632, 0.178904941844, 0.920490039739, -0.381865368697, 0.0767442355821, -0.0314205225306, 1703002771049937963
0.49120332224, -0.00117876629401, 0.178905968317, 0.920490710385, -0.381863189031, 0.0767462633735, -0.0314224126351, 1703002771049982070
0.491204971321, -0.00117952003847, 0.178909016802, 0.920489967201, -0.381864481849, 0.0767485002734, -0.0314230089302, 1703002771094013929
0.491207138505, -0.00117779023761, 0.178912029215, 0.920489552931, -0.381864724401, 0.0767519844167, -0.0314236867716, 1703002771094109058
0.491207533349, -0.00117569553956, 0.17891310823, 0.920491843969, -0.381858995938, 0.0767531540737, -0.0314233312524, 1703002771094187021
0.491206707501, -0.0011782708634, 0.178910870389, 0.920489745543, -0.381864494068, 0.0767505534642, -0.0314243387081, 1703002771094260931
0.491209949534, -0.00117751066168, 0.178915352796, 0.920489509702, -0.381863993195, 0.0767554796969, -0.0314253013543, 1703002771137806892
0.491208337612, -0.00117755067077, 0.178912225488, 0.92048914235, -0.381865607961, 0.0767524255218, -0.0314238993212, 1703002771137871980
0.491211246307, -0.00117659647345, 0.178918099743, 0.920490236564, -0.381861781024, 0.0767574528082, -0.0314260723122, 1703002771137922048
0.491209580819, -0.00117761484021, 0.178915471939, 0.920490650287, -0.381861265764, 0.0767557501725, -0.031424373642, 1703002771137967109
0.491211497813, -0.00117787467157, 0.178918008283, 0.920489448003, -0.381863640994, 0.0767575459803, -0.0314263414445, 1703002771181891918
0.491212630208, -0.00117483631107, 0.178918549044, 0.920490133589, -0.381861838939, 0.0767580466834, -0.0314269342564, 1703002771181951999
0.491212578182, -0.00117630211206, 0.178920376791, 0.92048974144, -0.381862421978, 0.0767597281697, -0.0314272288896, 1703002771181999921
0.491213643401, -0.00117656446153, 0.178921776933, 0.920488830003, -0.381864461008, 0.076760081526, -0.0314282857088, 1703002771182044982
0.491213607509, -0.00117897832754, 0.178921398689, 0.920488402401, -0.381865447662, 0.076760551701, -0.0314276729942, 1703002771182086944
0.491213014953, -0.00117653161948, 0.178921779057, 0.920490256686, -0.381861000803, 0.0767605990519, -0.0314272786649, 1703002771226478099
0.491212964019, -0.00117645562664, 0.178921153493, 0.920489894004, -0.381861987628, 0.0767599691462, -0.0314274494253, 1703002771226562023
0.491215029015, -0.00117916653326, 0.17892410277, 0.920488688217, -0.381864120713, 0.076763318002, -0.0314286682105, 1703002771226634025
0.491215549795, -0.00117752268897, 0.178925451211, 0.920488594231, -0.381864182731, 0.0767641533321, -0.0314286270913, 1703002771226695060
0.49121454788, -0.00117672373968, 0.178923705264, 0.920488848519, -0.381863940625, 0.076762063857, -0.0314292245487, 1703002771234656095
0.491214496763, -0.00117807763281, 0.178923226331, 0.920488301824, -0.381865236624, 0.0767625925542, -0.0314281982969, 1703002771245513916
0.491215125661, -0.00117852890268, 0.178924155988, 0.92048920894, -0.381862916524, 0.0767633520603, -0.0314279650951, 1703002771285754919
0.491217168506, -0.00117772107853, 0.17892667513, 0.920488097433, -0.381865081051, 0.0767653001703, -0.0314294614627, 1703002771285819053
0.491216545698, -0.00117779457595, 0.178926485121, 0.920489166771, -0.381862517454, 0.0767651387114, -0.0314296849955, 1703002771285866975
0.491218641153, -0.00117720281635, 0.178929718732, 0.920489143167, -0.381861906338, 0.0767680564768, -0.031430674584, 1703002771329893112
0.491218731949, -0.00117766054591, 0.178930153548, 0.920488072578, -0.38186432834, 0.0767691059006, -0.0314300391792, 1703002771329967975
0.491219768823, -0.00117682249244, 0.178932407365, 0.920488222489, -0.381863672592, 0.0767696782281, -0.0314322178458, 1703002771330017089
0.491217582964, -0.00117647669814, 0.178929141673, 0.920489030083, -0.381862346589, 0.0767676275928, -0.0314296851564, 1703002771330061912
0.491220196532, -0.00117855869227, 0.178932274404, 0.920487290399, -0.381865772786, 0.076770639349, -0.0314316516117, 1703002771373852014
0.491218983682, -0.00117427410329, 0.178931860755, 0.920490554769, -0.381858089254, 0.0767702845955, -0.0314302665546, 1703002771373924016
0.491218811647, -0.00117743132503, 0.178932105675, 0.920488167512, -0.381863842853, 0.0767701978956, -0.0314304900884, 1703002771374012947
0.491221391671, -0.00117894724731, 0.178934716268, 0.920488058888, -0.381863427143, 0.0767725410738, -0.0314329984643, 1703002771374072074
0.491222392702, -0.00117587482726, 0.178936390132, 0.920488940226, -0.381860948521, 0.076774151812, -0.0314333665075, 1703002771374152898
0.491223212102, -0.0011764764255, 0.178936580047, 0.920487857232, -0.381863481433, 0.0767741060221, -0.0314344219022, 1703002771421869993
0.491220786481, -0.00117676118533, 0.178933530695, 0.920489264554, -0.381860803225, 0.0767716087441, -0.0314318451733, 1703002771421953916
0.491221880384, -0.00117700336547, 0.178935112774, 0.920488042441, -0.38186326909, 0.0767736709936, -0.0314326404275, 1703002771422013044
0.491220458709, -0.00117633863035, 0.178933712566, 0.920488860083, -0.381861693096, 0.0767717383899, -0.0314325626456, 1703002771422060966
0.491222234428, -0.00117699400263, 0.178936108346, 0.920488669883, -0.381861679745, 0.0767740860682, -0.0314325606394, 1703002771426310062
0.491222031376, -0.00117763366911, 0.178936167829, 0.920487329454, -0.381864966869, 0.0767736338567, -0.031432984858, 1703002771437257051
0.491222716955, -0.00117696041838, 0.1789365869, 0.920488594761, -0.381861736367, 0.0767743099586, -0.0314335257877, 1703002771477941989
0.491224946084, -0.00117685075871, 0.178938818477, 0.920487319117, -0.381864097626, 0.076777406639, -0.0314346324835, 1703002771478051900
0.491222993558, -0.00117652440268, 0.178937611379, 0.920488846114, -0.381860932006, 0.0767752279091, -0.0314336947636, 1703002771478127002
0.491223519449, -0.00117838819818, 0.178937963625, 0.920487559613, -0.381864015413, 0.0767750562749, -0.0314343293768, 1703002771521992921
0.49122560646, -0.00118045831326, 0.17893907054, 0.920486784467, -0.381865386176, 0.0767777815708, -0.0314337194773, 1703002771522058010
0.491223064741, -0.00117677409635, 0.178937319055, 0.920488782159, -0.381861042339, 0.0767755247725, -0.03143350216, 1703002771522114038
0.491223167698, -0.00117945596498, 0.178937764473, 0.920486843739, -0.381865697406, 0.0767750676852, -0.031434831494, 1703002771522159099
0.491224474818, -0.0011760520071, 0.178939995767, 0.920488255303, -0.381861844463, 0.0767771102876, -0.0314353133981, 1703002771522207021
0.491224517537, -0.00117700039958, 0.178940188798, 0.920487470588, -0.381863682362, 0.0767777919038, -0.0314343005991, 1703002771569930076
0.49122477163, -0.00117702156904, 0.178938290705, 0.920488348251, -0.381861878841, 0.0767764932034, -0.0314336811959, 1703002771569996118
0.49122615141, -0.00117830392248, 0.178942071047, 0.920488018743, -0.381861967968, 0.0767793795398, -0.0314351976056, 1703002771570080041
0.491227746129, -0.00117736136488, 0.178944141334, 0.920487750812, -0.381861950744, 0.0767820046164, -0.031436840581, 1703002771570126056
0.491227509327, -0.00117711865511, 0.178944102382, 0.920487949277, -0.381861660291, 0.0767812309773, -0.0314364470723, 1703002771575454950
0.491224870646, -0.00117705124692, 0.178940047934, 0.92048841177, -0.381861457242, 0.0767775054397, -0.0314344703882, 1703002771586699962
0.491227263993, -0.00117793710595, 0.178943428416, 0.920487716148, -0.381862247692, 0.0767813205717, -0.0314359192525, 1703002771630218029
0.491225964468, -0.00117802712474, 0.178941571813, 0.920486674111, -0.381865327018, 0.0767785479087, -0.0314357978488, 1703002771630300045
0.491226825307, -0.00117728192132, 0.178940569122, 0.920488834086, -0.381860009438, 0.076779281925, -0.0314353524306, 1703002771630363941
0.491227441889, -0.001176131351, 0.178943499666, 0.920487013165, -0.381863983048, 0.076780791234, -0.0314367164842, 1703002771630424976
0.491226751444, -0.00117756483202, 0.178943499566, 0.920487956089, -0.381861730525, 0.0767810042817, -0.0314359481727, 1703002771673821926
0.491228385362, -0.00117816249622, 0.17894472619, 0.920487717874, -0.381861889906, 0.076782943823, -0.0314362500746, 1703002771673886060
0.491229583977, -0.00117649180106, 0.178947892982, 0.920487311681, -0.381862408568, 0.0767847575808, -0.0314374133848, 1703002771673938035
0.491229274378, -0.00117640472707, 0.178944919088, 0.920487952277, -0.381861253452, 0.0767829159091, -0.0314371857696, 1703002771673986911
0.491228632072, -0.00117886279918, 0.178946249335, 0.920486323669, -0.381865124055, 0.0767829438387, -0.0314377878343, 1703002771718039035
0.491228210558, -0.00117678885175, 0.178945333452, 0.920488698606, -0.381859624631, 0.0767824528417, -0.0314362489963, 1703002771718137979
0.491229852635, -0.00117758868801, 0.178945587943, 0.920488274408, -0.381860508109, 0.0767828138591, -0.0314370564765, 1703002771718215942
0.491230031256, -0.00117678979463, 0.17894729938, 0.920487939417, -0.381861017097, 0.0767842651408, -0.0314371378661, 1703002771718291044
0.491229573274, -0.00117602267821, 0.178945875389, 0.920488653912, -0.381859351706, 0.0767839074979, -0.0314373199029, 1703002771761878967
0.491229239373, -0.00117565184867, 0.178946182967, 0.920487631653, -0.381861733858, 0.0767844699618, -0.0314369426254, 1703002771761939048
0.491230271953, -0.00117810470748, 0.178947044712, 0.920488061563, -0.381860579113, 0.0767845001756, -0.0314383073986, 1703002771761986017
0.491227875068, -0.00117650057438, 0.1789444235, 0.920488171913, -0.381860832963, 0.0767825519858, -0.031436751242, 1703002771762027978
0.491228455351, -0.00117704742878, 0.178944881569, 0.920487761325, -0.381861681931, 0.0767832124175, -0.0314368480387, 1703002771809860944
0.491228697886, -0.00117811386893, 0.17894615644, 0.920486774466, -0.381864080528, 0.0767828174522, -0.031437572755, 1703002771809921979
0.491231953795, -0.00117767925092, 0.17894936174, 0.920487436422, -0.381861494515, 0.0767872751574, -0.0314387145142, 1703002771809993982
0.491230021884, -0.00117777502663, 0.178947049712, 0.920486477599, -0.381864421408, 0.076784501182, -0.0314380120069, 1703002771810045957
0.491229584478, -0.00117712262911, 0.178947305298, 0.920486202365, -0.381864889776, 0.0767850433486, -0.0314390573931, 1703002771810092926
0.491232509533, -0.00117773798851, 0.178950163088, 0.920486935621, -0.381862587885, 0.0767879619681, -0.0314384195284, 1703002771853837966
0.491229514952, -0.00117841052076, 0.178946302946, 0.920488425838, -0.381859825954, 0.0767846199015, -0.0314364973765, 1703002771853899002
0.491231562666, -0.00117787469704, 0.178947663221, 0.920486759038, -0.3818634704, 0.0767858620616, -0.0314379992506, 1703002771853971004
0.491230630732, -0.00117770595292, 0.178947325347, 0.920487851531, -0.381860940843, 0.0767856988789, -0.0314371355172, 1703002771854022026
0.491232344026, -0.00117741826333, 0.178949259327, 0.920486353801, -0.381864164269, 0.0767868762729, -0.031438959055, 1703002771860337018
0.491233117577, -0.00117713298528, 0.178951268296, 0.920486679223, -0.381862938811, 0.0767885435501, -0.031440243568, 1703002771870537996
0.491231980528, -0.00117761093623, 0.178950092601, 0.920486321951, -0.381864064297, 0.0767877417972, -0.0314389918686, 1703002771913789987
0.491231079558, -0.00117640982436, 0.178949413996, 0.920486332831, -0.381864345398, 0.0767862589276, -0.031438880793, 1703002771913851022
0.491231771335, -0.00117794957769, 0.178948645662, 0.920486899677, -0.381862937324, 0.0767867289893, -0.0314382390198, 1703002771913897991
0.491230654602, -0.00117953954735, 0.17894858216, 0.920485883144, -0.381865668278, 0.0767852706599, -0.0314383926477, 1703002771913961887
0.491232098223, -0.00117672276963, 0.178950215407, 0.920487305055, -0.381861713505, 0.0767875400145, -0.0314392539637, 1703002771957900047
0.491232176005, -0.0011775398413, 0.178948443811, 0.920486667529, -0.38186352801, 0.0767862097194, -0.0314391296542, 1703002771957983016
0.491233087384, -0.00117741376699, 0.178950692446, 0.920486378647, -0.381863674423, 0.0767886873598, -0.0314397578762, 1703002771958049058
0.491233500341, -0.00117768270212, 0.178950854134, 0.92048711766, -0.381861938442, 0.0767886388125, -0.031439324747, 1703002771958112955
0.491231403468, -0.00117634425904, 0.178949822947, 0.920487110832, -0.381862367123, 0.0767866291542, -0.0314392263114, 1703002772001828908
0.491232447566, -0.00117716822568, 0.17894944181, 0.920486738888, -0.381863073912, 0.0767874639563, -0.0314394925564, 1703002772001889944
0.491233477493, -0.00117609305036, 0.178951323515, 0.920487620861, -0.381860606881, 0.0767888673208, -0.0314402068852, 1703002772001936912
0.491233751518, -0.00117984270015, 0.178951673438, 0.920486202487, -0.381863963509, 0.0767896793337, -0.0314389814059, 1703002772001981973
0.491232329336, -0.00117577180327, 0.178949712481, 0.920487151493, -0.381862136016, 0.0767875395525, -0.0314386192966, 1703002772045803070
0.4912331252, -0.00117814965111, 0.178953013361, 0.920486012566, -0.381864357166, 0.0767895978161, -0.0314399596695, 1703002772045874118
0.491234222866, -0.00117861070208, 0.17895428869, 0.920485995029, -0.381864138299, 0.0767906144442, -0.0314406483797, 1703002772045938968
0.491234080824, -0.00117695035944, 0.178951803331, 0.920486731682, -0.381862597582, 0.0767899818746, -0.0314393391894, 1703002772045985937
0.491234120414, -0.00117766152232, 0.178953492639, 0.920486423075, -0.381863076892, 0.0767907648221, -0.0314406405587, 1703002772090192079
0.491232327858, -0.00117597556869, 0.17895052232, 0.920488046783, -0.381859727213, 0.0767889107761, -0.0314383149095, 1703002772090337038
0.491233574505, -0.00117699188663, 0.178953007842, 0.92048736267, -0.381860853647, 0.0767908495796, -0.0314399274459, 1703002772090449094
0.491231339595, -0.0011778948209, 0.178950790788, 0.920486585104, -0.38186343113, 0.0767879764341, -0.0314384046031, 1703002772090554952
0.491235141628, -0.00117431895165, 0.178954045629, 0.920487539608, -0.381860177122, 0.0767919706051, -0.0314402258986, 1703002772133923053
0.491233422179, -0.00117673313727, 0.178952288304, 0.920487942883, -0.381859606231, 0.0767902780557, -0.0314394868259, 1703002772134035110
0.491235785262, -0.0011794281162, 0.178955899887, 0.920486068418, -0.381863307507, 0.0767936378556, -0.0314412056633, 1703002772134133100
0.491234177245, -0.00117775843385, 0.178953436001, 0.920486493616, -0.381862950537, 0.0767904401174, -0.0314409030391, 1703002772134248018
0.491234386125, -0.00117646439883, 0.178954459382, 0.920486802662, -0.381862216631, 0.076790550426, -0.0314404993592, 1703002772177810907
0.491233810887, -0.00117730142059, 0.178952724938, 0.920487815031, -0.381859826492, 0.0767903359088, -0.0314404135047, 1703002772177879095
0.491236971521, -0.00117793691992, 0.17895689591, 0.920485395897, -0.381864797396, 0.0767941807637, -0.0314414734081, 1703002772177927970
0.491233516954, -0.00117955302498, 0.178953448226, 0.92048664028, -0.381862610882, 0.0767913378732, -0.0314385416853, 1703002772177972078
0.491236031074, -0.00117905529769, 0.178956535602, 0.920485976911, -0.381863660415, 0.0767931181141, -0.0314408679123, 1703002772221839904
0.491236051527, -0.00117642541813, 0.178955039994, 0.920487050803, -0.381861146282, 0.0767925250016, -0.0314414116848, 1703002772221950054
0.491235619919, -0.00117675652482, 0.178954955226, 0.920487389797, -0.381860455555, 0.0767923549098, -0.0314402915963, 1703002772221999883
0.491234741996, -0.00117714363011, 0.178954190405, 0.920486855856, -0.381861769375, 0.0767922069369, -0.031440328235, 1703002772222043991
0.4912329857, -0.00117781145335, 0.178952490949, 0.920488042983, -0.381859513026, 0.0767902637896, -0.0314377229547, 1703002772222104072
0.491235111033, -0.00117646644879, 0.178954484746, 0.920487641674, -0.381859880229, 0.0767919722921, -0.0314408394995, 1703002772265810012
0.491234617335, -0.00117656397668, 0.178953598344, 0.920487508409, -0.381860450374, 0.0767910504736, -0.0314400679196, 1703002772265877962
0.491235984378, -0.00117599104194, 0.178956497674, 0.920487414864, -0.381859930443, 0.0767940174946, -0.031441874563, 1703002772265933036
0.491237058354, -0.00117873101802, 0.178957138628, 0.920486377057, -0.381862378625, 0.0767948832178, -0.0314404095727, 1703002772265976905
0.491233928671, -0.00117783732854, 0.178954009808, 0.920487389939, -0.38186068854, 0.0767911859118, -0.0314403129425, 1703002772274283885
0.491237978594, -0.00117767191857, 0.178959297366, 0.920485807501, -0.381863223408, 0.0767967195725, -0.031442338659, 1703002772285372018
0.491236277427, -0.0011765731279, 0.178956581859, 0.920486419411, -0.381862410488, 0.0767937772385, -0.0314414839698, 1703002772325850009
0.491236350846, -0.00117653965511, 0.178956811075, 0.920485866804, -0.381863540929, 0.0767944630673, -0.0314422576506, 1703002772325928926
0.491236005353, -0.00117776991088, 0.178957360573, 0.920486083404, -0.381863003873, 0.0767944110112, -0.0314425662042, 1703002772325994014
0.491237535058, -0.00117740307284, 0.178958542131, 0.920486311951, -0.38186222865, 0.0767953246894, -0.0314430588082, 1703002772369822978
0.491236396473, -0.00117843849688, 0.178956645882, 0.920485352044, -0.381864942099, 0.0767941543175, -0.0314410643962, 1703002772369883060
0.491237450678, -0.00117857437615, 0.178957830503, 0.920486526274, -0.381861872906, 0.0767950194698, -0.0314418503626, 1703002772369937896
0.491237580412, -0.00117802432089, 0.178957975375, 0.920486739403, -0.38186132973, 0.0767953863808, -0.0314413115476, 1703002772369987964
0.491234499129, -0.00117700636938, 0.178953360174, 0.920487080477, -0.381861472732, 0.0767908429633, -0.0314406862908, 1703002772370032072
0.491236025612, -0.00117866350807, 0.178956651306, 0.920487082084, -0.381860698327, 0.0767945139472, -0.0314410784903, 1703002772413831949
0.491236058898, -0.00117768726625, 0.178956984771, 0.92048523671, -0.381865161881, 0.0767940168618, -0.0314421073572, 1703002772413891077
0.491236023445, -0.00117696676825, 0.178956444936, 0.92048699496, -0.381860894223, 0.0767949380068, -0.0314402141984, 1703002772413937091
0.491237696463, -0.00118010713647, 0.178958310318, 0.920484570697, -0.381866545021, 0.0767950659734, -0.0314422445815, 1703002772413980007
0.491237026584, -0.00117881820216, 0.178958050519, 0.920485305238, -0.38186475237, 0.0767949115423, -0.0314428895026, 1703002772424649000
0.491235728898, -0.00117762715225, 0.178955365275, 0.920487448001, -0.381860164089, 0.0767927193352, -0.0314412374248, 1703002772434473037
0.491236515383, -0.00117732704359, 0.178956445357, 0.920487271083, -0.381860427409, 0.0767934965494, -0.0314413205971, 1703002772477844953
0.491237650309, -0.0011787268705, 0.178958779577, 0.920486208759, -0.381862364443, 0.0767966975538, -0.0314410774395, 1703002772477909088
0.491237566648, -0.00117799414293, 0.178957880371, 0.920485262481, -0.381864972364, 0.0767945301024, -0.0314424010278, 1703002772477957010
0.491237429132, -0.00117722180627, 0.17895858973, 0.920486657912, -0.381861380096, 0.0767955417814, -0.031442705991, 1703002772478002071
0.491237422, -0.00117884452956, 0.17895882198, 0.920486182144, -0.381862472791, 0.0767961186942, -0.0314419546006, 1703002772521970033
0.491237090606, -0.00117649373362, 0.178958654625, 0.920486630252, -0.381861511652, 0.0767951990808, -0.0314427550309, 1703002772522104978
0.491237696348, -0.00117608008952, 0.178958663584, 0.920486664622, -0.381861294039, 0.0767962123112, -0.0314419169684, 1703002772522177934
0.491238249441, -0.00117695336143, 0.17895966489, 0.920486869752, -0.381860525918, 0.0767974387875, -0.0314422447728, 1703002772522242069
0.491238308266, -0.00117814063601, 0.178960208127, 0.920486998058, -0.381860214975, 0.076797329861, -0.0314425309272, 1703002772565807104
0.491238924529, -0.00117766169887, 0.178959790866, 0.920485316797, -0.381864383904, 0.076796497822, -0.0314431517095, 1703002772565876007
0.491238894634, -0.00117813653475, 0.178959825103, 0.920486699228, -0.381861052433, 0.0767968034647, -0.0314423942728, 1703002772565929889
0.491237558135, -0.00117998486783, 0.178959790108, 0.920486098989, -0.381862515714, 0.076796520348, -0.0314428866859, 1703002772565974950
0.491238494814, -0.00117645407049, 0.178959290989, 0.920486624727, -0.381861271754, 0.0767964294817, -0.0314428251338, 1703002772609812021
0.49123839209, -0.00117864489204, 0.178960133204, 0.92048627736, -0.381861851063, 0.0767976790305, -0.0314429068482, 1703002772609873056
0.491238746791, -0.00117866767845, 0.178960111008, 0.920485895146, -0.381862849731, 0.0767972072995, -0.0314431198055, 1703002772609930992
0.491238630529, -0.0011777736484, 0.178960124891, 0.920485148379, -0.381864521962, 0.076797678249, -0.0314435223277, 1703002772609982967
0.491237822318, -0.00117639235119, 0.178959067685, 0.920487656084, -0.381858814831, 0.0767968277662, -0.0314414977179, 1703002772653830051
0.491237789828, -0.00117713941098, 0.178958969781, 0.920486608422, -0.381861362256, 0.0767963894327, -0.0314423011697, 1703002772653899908
0.491237653056, -0.00117553490117, 0.178959074122, 0.920487497226, -0.3818592523, 0.0767959587387, -0.031442957969, 1703002772653950929
0.491239272517, -0.00117778942766, 0.17896089947, 0.920486057183, -0.381862354638, 0.0767978053781, -0.0314429281529, 1703002772654000997
0.491239268063, -0.00117894069825, 0.178960896629, 0.920485728004, -0.381863149233, 0.0767974757053, -0.0314437199486, 1703002772697814941
0.491237838451, -0.00117998758907, 0.178959913701, 0.920485614657, -0.381863602467, 0.0767971685852, -0.0314422839274, 1703002772697875976
0.491237971101, -0.00117775158503, 0.178958506796, 0.920486792969, -0.38186097, 0.0767958518575, -0.0314429753257, 1703002772697933912
0.491239015875, -0.00117875426019, 0.178960238117, 0.920485040245, -0.381864828081, 0.0767980843416, -0.0314419783254, 1703002772697985887
0.491239820629, -0.00117853493443, 0.178961117359, 0.920484987134, -0.381864779924, 0.0767985034474, -0.031443094367, 1703002772742151021
0.491237022002, -0.0011800250548, 0.178959728528, 0.920485495685, -0.381863967233, 0.0767963670076, -0.0314432946135, 1703002772742217063
0.491239974884, -0.00117774704401, 0.178961487305, 0.920486260454, -0.381861691148, 0.0767983970069, -0.0314435902144, 1703002772742264986
0.491239981859, -0.00117851336092, 0.178962452626, 0.920486941028, -0.381859767619, 0.0767998195606, -0.0314435523781, 1703002772742309093
0.491235605011, -0.0011788036145, 0.178957700921, 0.920485395325, -0.381864570112, 0.0767948627043, -0.0314425849592, 1703002772785793066
0.491238210181, -0.00117657184922, 0.178960854312, 0.920487363576, -0.38185918173, 0.0767979070915, -0.03144296888, 1703002772785852909
0.491237600356, -0.00117657087504, 0.178959908576, 0.920485588781, -0.381863929625, 0.0767954200663, -0.0314433387933, 1703002772785901069
0.491238523476, -0.00117794667688, 0.178960032106, 0.920486221044, -0.381862195588, 0.0767971001347, -0.031441785256, 1703002772785954952
0.491239989985, -0.0011802529941, 0.178962033882, 0.920484512694, -0.381865839551, 0.0767986586502, -0.0314437355231, 1703002772829894065
0.491240550763, -0.00117725545294, 0.178963030952, 0.920486180369, -0.381861546997, 0.0767997659899, -0.0314443415969, 1703002772829956054
0.491240230388, -0.00117902071768, 0.178961949438, 0.920486545733, -0.381860844398, 0.076799285234, -0.0314433526774, 1703002772830008983
0.491236605859, -0.00117914118975, 0.178959111773, 0.920486557799, -0.381861535201, 0.0767961340565, -0.0314423065035, 1703002772830090045
0.4912407539, -0.00117762149909, 0.17896391372, 0.920487290587, -0.381858672921, 0.0768012761839, -0.0314430558182, 1703002772873991012
0.491237798575, -0.00117771532639, 0.178960245087, 0.920485954016, -0.381862707204, 0.0767970997198, -0.0314433900959, 1703002772874066114
0.491239170128, -0.00117906533943, 0.178962213032, 0.920484926414, -0.381864714431, 0.0767989051857, -0.0314446860163, 1703002772874116897
0.491239327863, -0.00117883017589, 0.178961844442, 0.920484789037, -0.381865195803, 0.0767984812766, -0.0314438970129, 1703002772874162912
0.491239629173, -0.00118003681501, 0.178962035999, 0.920484769291, -0.381865148855, 0.0767986299715, -0.0314446820164, 1703002772874206066
0.491238072294, -0.00117668789615, 0.178961901593, 0.920485926444, -0.381862461247, 0.0767983093253, -0.0314442299015, 1703002772917989015
0.491239026981, -0.00117918978022, 0.178960877805, 0.920485072208, -0.381864726171, 0.0767978129635, -0.0314429431121, 1703002772918087959
0.491239682031, -0.00118096419817, 0.17896144121, 0.920484507082, -0.381865858191, 0.0767988867989, -0.0314431161983, 1703002772918168067
0.491238077052, -0.00117754351766, 0.178960360892, 0.920487072543, -0.381859931732, 0.0767979496486, -0.0314422764651, 1703002772918243885
0.491239136613, -0.00117889598925, 0.17896122285, 0.920485702519, -0.38186313004, 0.0767985411106, -0.0314420968993, 1703002772925213098
0.491240342506, -0.00117858463632, 0.178962377049, 0.920484153068, -0.38186657786, 0.0767991388803, -0.0314441239675, 1703002772935528039
0.491240602604, -0.00117785612956, 0.178963199142, 0.92048689844, -0.381859778367, 0.0768003627045, -0.0314433419543, 1703002772977799892
0.491241702341, -0.00117680124387, 0.178965051127, 0.92048560563, -0.381862503206, 0.0768018099697, -0.0314445616572, 1703002772977859973
0.491241666389, -0.00117717125904, 0.17896439181, 0.920485562911, -0.381862756749, 0.0768013718754, -0.0314438031963, 1703002772977906942
0.491240325539, -0.00117778310122, 0.178963507717, 0.920486196468, -0.381861390994, 0.0768003908422, -0.0314442386833, 1703002772977951049
0.491241938356, -0.00117731296489, 0.178964885691, 0.920485887669, -0.3818619263, 0.0768014620148, -0.0314441612523, 1703002773021851062
0.49124083282, -0.0011821280538, 0.178962541257, 0.920482949988, -0.381869517026, 0.0767988256198, -0.0314444133358, 1703002773021912097
0.491239422392, -0.00117763445576, 0.178962893363, 0.920486537611, -0.381860803117, 0.0767990799458, -0.0314445931576, 1703002773021960020
0.49124153516, -0.00117900176414, 0.178964669742, 0.920484206832, -0.381865897248, 0.0768016453973, -0.0314446936191, 1703002773022003889
0.491240903399, -0.00117752460002, 0.178964898496, 0.920487135309, -0.381858886032, 0.0768017552141, -0.0314438433676, 1703002773065874099
0.491239014797, -0.00117797996884, 0.178960911803, 0.920485898278, -0.381862605123, 0.0767983928212, -0.0314431032304, 1703002773065932035
0.491241140569, -0.0011760453356, 0.178963466104, 0.920486204019, -0.381861469053, 0.0767998631158, -0.0314443586143, 1703002773065990924
0.491241077465, -0.00117786475832, 0.178964416043, 0.920485285299, -0.381863402318, 0.0768010180157, -0.0314449543005, 1703002773066036939
0.491242650255, -0.00117828288979, 0.17896619358, 0.920485159466, -0.38186334588, 0.0768028642243, -0.0314448139392, 1703002773109858036
0.491240595968, -0.00117802094555, 0.178964442522, 0.920485439466, -0.38186313037, 0.0768006498416, -0.0314446430769, 1703002773109916925
0.491239973833, -0.00117943495363, 0.178962572611, 0.920486635657, -0.381860536267, 0.0767998882103, -0.031442989519, 1703002773109963893
0.491241082273, -0.00117928188078, 0.178965471649, 0.920485274622, -0.38186324527, 0.0768019866036, -0.0314448083105, 1703002773110008001
0.491241208373, -0.00117712924799, 0.178964573079, 0.920486902504, -0.381859471672, 0.0768013822064, -0.0314444574463, 1703002773153845071
0.491242276807, -0.00117792257462, 0.178966635378, 0.920484886764, -0.381863889736, 0.0768031139748, -0.031445582166, 1703002773153951883
0.491240887309, -0.00117822491672, 0.178964277003, 0.920485197937, -0.381863578071, 0.0768012317323, -0.0314448553145, 1703002773154026031
0.491239976804, -0.00117742780002, 0.178963493176, 0.920485413944, -0.381863269594, 0.0768002083803, -0.0314447776798, 1703002773154100894
0.491241808332, -0.00117769937907, 0.178965792629, 0.92048644514, -0.381860312166, 0.0768026365371, -0.0314445754764, 1703002773197834968
0.491239012404, -0.00117898675515, 0.178961486598, 0.92048609459, -0.381862120301, 0.0767987790778, -0.0314423007634, 1703002773197900056
0.491240176251, -0.00117949384586, 0.178963747957, 0.920484923357, -0.381864399378, 0.076800873335, -0.0314437945355, 1703002773197947978
0.491239881011, -0.00117964411138, 0.178964236668, 0.920484549085, -0.381865240794, 0.0768007101089, -0.0314449311662, 1703002773198010921
0.491240414283, -0.00117759323152, 0.17896375783, 0.920486722603, -0.381860067591, 0.0768008288727, -0.031443838431, 1703002773242067098
0.491242519598, -0.00117755116078, 0.178967115906, 0.920486273253, -0.381860505151, 0.0768033941381, -0.0314454131545, 1703002773242134094
0.491240324875, -0.00117488196353, 0.17896337152, 0.920486488841, -0.381860717049, 0.0768002975494, -0.0314440921673, 1703002773242182016
0.491241485344, -0.00117723027236, 0.178965409284, 0.920485778382, -0.381862058282, 0.0768017642756, -0.0314450193996, 1703002773242225885
0.491242673363, -0.00117987461293, 0.178966553433, 0.920485565167, -0.381862285623, 0.0768034356589, -0.0314444177813, 1703002773290100097
0.491242010027, -0.00118034923621, 0.178966430128, 0.920483816222, -0.381866509635, 0.0768027164223, -0.0314460751737, 1703002773290184974
0.491243696381, -0.00117824274508, 0.178966483533, 0.920485937628, -0.381861437146, 0.0768028436375, -0.0314452644954, 1703002773290251016
0.491243523611, -0.00117826930888, 0.178968456981, 0.920484806102, -0.381863643141, 0.0768053291982, -0.0314455273183, 1703002773290312051
0.491243408882, -0.00117768211672, 0.178967174351, 0.920485609697, -0.381861998689, 0.0768036613379, -0.0314460474917, 1703002773290370941
0.491241130725, -0.0011779360792, 0.178965016005, 0.920486412197, -0.381860609875, 0.0768014895948, -0.0314447258166, 1703002773333820104
0.491243712721, -0.00117919085353, 0.178968187859, 0.920484565204, -0.381864353109, 0.0768044824475, -0.0314460255222, 1703002773333878040
0.491241481645, -0.00117926027175, 0.178965413235, 0.920485155534, -0.381863558998, 0.0768017120758, -0.0314451549928, 1703002773333924055
0.491241223949, -0.0011783939333, 0.178964722659, 0.920484825005, -0.38186438519, 0.0768015871884, -0.0314451024098, 1703002773333966970
0.49123897536, -0.0011786877942, 0.178961865715, 0.920486541905, -0.381860893467, 0.0767990297883, -0.0314434927489, 1703002773338493108
0.491240983368, -0.00117959004302, 0.178965474485, 0.920484375267, -0.381865409802, 0.076801746327, -0.0314454360297, 1703002773349257946
0.491242041277, -0.00117867985817, 0.178967192098, 0.920484950177, -0.381863661124, 0.0768037956411, -0.0314448372074, 1703002773389785051
0.491240907064, -0.00117681258733, 0.178965182854, 0.920486353412, -0.381860645168, 0.0768019278522, -0.0314449476553, 1703002773389844894
0.491243524659, -0.00117764646979, 0.178968456458, 0.920484771751, -0.381863726577, 0.0768049665259, -0.0314464054576, 1703002773389892101
0.49124206458, -0.00118104289272, 0.178966481919, 0.920485154717, -0.381863268716, 0.0768034880027, -0.0314443664488, 1703002773433834075
0.491242561377, -0.00117897247357, 0.178967708659, 0.920486575473, -0.381859550262, 0.0768050574614, -0.0314440995601, 1703002773433893918
0.491241095605, -0.00118009357289, 0.178964683717, 0.92048458343, -0.381865002225, 0.0768019249606, -0.0314438557624, 1703002773433993101
0.491242447309, -0.00118010267513, 0.178966500021, 0.920485603159, -0.381862259966, 0.0768030774516, -0.0314444921253, 1703002773434043884
0.491241940355, -0.00118124333977, 0.178966511087, 0.920482774408, -0.381869031071, 0.0768023788274, -0.0314467762092, 1703002773478032112
0.49124297898, -0.00117770185642, 0.1789666926, 0.920484909996, -0.381863782694, 0.0768031957128, -0.031446002361, 1703002773478218078
0.491240415047, -0.00117687079138, 0.1789644091, 0.920486555419, -0.381860441422, 0.0768010989763, -0.0314435329688, 1703002773478290081
0.49124283277, -0.00117963572146, 0.178967032953, 0.920485666802, -0.381861935493, 0.0768037414125, -0.0314449477428, 1703002773478353977
0.491241762225, -0.00118008075381, 0.178967082392, 0.920484188167, -0.381865575815, 0.0768030523396, -0.0314457070783, 1703002773478414058
0.491242065886, -0.00118031681421, 0.178966626113, 0.920483916976, -0.381866101751, 0.0768036201165, -0.0314458718865, 1703002773526084899
0.491241265897, -0.0011788802969, 0.178965365012, 0.920486056128, -0.381861443116, 0.0768014444038, -0.0314451406799, 1703002773526173114
0.49124268634, -0.00117971773614, 0.178966568346, 0.920483256864, -0.381867847926, 0.0768025913005, -0.0314465025591, 1703002773526241064
0.491242235121, -0.00117861543252, 0.178967044023, 0.920485300269, -0.38186279827, 0.0768031303578, -0.0314466922648, 1703002773526304006
0.49124219541, -0.00117967771887, 0.1789672802, 0.920485867709, -0.381861271102, 0.0768052147198, -0.0314435362444, 1703002773527776002
0.491242254637, -0.00117911865702, 0.178967070264, 0.920484980516, -0.381863562581, 0.0768035830074, -0.0314456651136, 1703002773538724899
0.4912413461, -0.00117687927182, 0.178966313651, 0.920485477027, -0.381862419853, 0.0768035852152, -0.0314450025262, 1703002773581849098
0.49124386886, -0.00117827775378, 0.178969558828, 0.920484622774, -0.381863842697, 0.076806037678, -0.031446739951, 1703002773581907987
0.491244800194, -0.00117867452826, 0.178968289824, 0.920484539112, -0.381864085674, 0.0768060068007, -0.0314463137411, 1703002773581954956
0.491241495836, -0.00117826523384, 0.178966416251, 0.92048617868, -0.38186086077, 0.0768033240537, -0.0314440341699, 1703002773581998109
0.491244309038, -0.00117897055634, 0.178970080709, 0.920485209794, -0.381862260873, 0.0768068440306, -0.0314467960445, 1703002773629825115
0.491243181077, -0.00117826640711, 0.178967898061, 0.920485982904, -0.381860984952, 0.0768046561112, -0.0314450035601, 1703002773629945039
0.491242287342, -0.0011786141627, 0.178967131311, 0.92048549416, -0.381862311277, 0.0768038378142, -0.0314452025649, 1703002773630000114
0.491244006072, -0.00118015531758, 0.178969982067, 0.920485826958, -0.381860846618, 0.0768068347864, -0.0314459269059, 1703002773630047082
0.49124453607, -0.00117990580516, 0.178968037815, 0.920484312376, -0.381864692566, 0.076805421849, -0.0314470096381, 1703002773673978090
0.491242093942, -0.00117983216717, 0.17896711742, 0.920485436228, -0.381862508581, 0.0768037740117, -0.0314446582133, 1703002773674051046
0.491243830991, -0.0011772587146, 0.178968605996, 0.920485996723, -0.381860749057, 0.0768051703725, -0.0314462075531, 1703002773674101114
0.491243821922, -0.00117907985504, 0.178968656695, 0.920484284606, -0.381864864151, 0.0768052416101, -0.0314461791162, 1703002773674146890
0.491243671023, -0.00117827601488, 0.17896765309, 0.920485485877, -0.381862103764, 0.076804608592, -0.0314460824022, 1703002773722127914
0.491243040702, -0.00117891385745, 0.17896754675, 0.920485690577, -0.381861635296, 0.0768046074104, -0.0314457821093, 1703002773722210884
0.491244768255, -0.00118032238464, 0.178969722713, 0.920484778504, -0.381863458253, 0.0768063232478, -0.0314461524179, 1703002773722276926
0.49124522365, -0.00118027327553, 0.178971310714, 0.920485638201, -0.38186103398, 0.0768081966031, -0.0314458507275, 1703002773722340106
0.491244262967, -0.00117854948381, 0.178969567001, 0.920484321217, -0.381864356407, 0.076807170207, -0.0314465626874, 1703002773722400903
0.491243893081, -0.00117808250134, 0.17896952901, 0.920485675589, -0.381861373002, 0.0768058818596, -0.031446293208, 1703002773765939950
0.491244329528, -0.00117802246529, 0.178970043708, 0.920484922497, -0.381863083667, 0.0768062022256, -0.0314467818433, 1703002773766007900
0.491244637935, -0.00117918761133, 0.178970360656, 0.920483739805, -0.381865861656, 0.0768064557315, -0.0314470477997, 1703002773766057014
0.491246456026, -0.00117607354266, 0.178971336289, 0.920485847427, -0.381860292167, 0.076808995958, -0.0314467819006, 1703002773766143083
0.491245613394, -0.00117866181493, 0.178970535286, 0.920485462243, -0.381861609599, 0.0768071571525, -0.0314465502809, 1703002773768454074
0.491245261185, -0.00117865777167, 0.178969283538, 0.92048628182, -0.381859650724, 0.0768073157662, -0.0314459595888, 1703002773778326034
0.491244165684, -0.00117909073825, 0.178968843597, 0.920484356153, -0.381864599373, 0.0768054467175, -0.0314467991705, 1703002773825804948
0.491244349319, -0.00117771639185, 0.178969434048, 0.920485221516, -0.381862500692, 0.0768056613713, -0.0314464293144, 1703002773825886964
0.491244790062, -0.001178104826, 0.178969840214, 0.920485817382, -0.381860956584, 0.0768067647035, -0.0314450430318, 1703002773825936079
0.491245483096, -0.00118111945557, 0.178970694332, 0.9204828181, -0.381868034437, 0.0768062753423, -0.0314480830195, 1703002773825978994
0.491241365583, -0.00117873671937, 0.178967116419, 0.920485770018, -0.381861741648, 0.0768034388091, -0.0314450194288, 1703002773870006084
0.491244267556, -0.00117933902604, 0.178968860681, 0.920484727382, -0.381863673956, 0.0768057609045, -0.0314464029795, 1703002773870100975
0.491243752769, -0.00118044748525, 0.178969601086, 0.920485279455, -0.381862366659, 0.0768061539475, -0.0314451578357, 1703002773870176076
0.491244577441, -0.00117931700654, 0.178967861904, 0.920485423576, -0.381862175938, 0.0768055034658, -0.0314448439168, 1703002773870296955
0.491243906217, -0.00118003101789, 0.17896882308, 0.920484797843, -0.381863612617, 0.0768052935258, -0.031446226874, 1703002773913958072
0.491245222682, -0.00118203781393, 0.178970300794, 0.92048319973, -0.381866814262, 0.0768084388582, -0.0314464449511, 1703002773914069890
0.491246508037, -0.00117832982475, 0.178971574252, 0.9204848086, -0.381862985294, 0.0768077572827, -0.0314475121463, 1703002773914155006
0.49124469129, -0.00117642331176, 0.178970645765, 0.920485527432, -0.381861558676, 0.076806570294, -0.0314466938461, 1703002773914227962
0.491242321224, -0.00118003476224, 0.178967085757, 0.920484888541, -0.38186371276, 0.0768038020715, -0.0314459986746, 1703002773957860946
0.491243475984, -0.00117769463029, 0.178967932641, 0.920485965796, -0.381861027483, 0.076804628498, -0.031445055313, 1703002773957941055
0.491243596022, -0.00117969788846, 0.178968593822, 0.920485190708, -0.38186274517, 0.0768047836594, -0.0314465060886, 1703002773958014011
0.491244745701, -0.00117842912763, 0.178970778733, 0.920485073198, -0.381862620562, 0.0768067155523, -0.0314467404315, 1703002773958079099
0.491243534925, -0.00117880820453, 0.178969009546, 0.920485112443, -0.381862778683, 0.076805221852, -0.0314473198189, 1703002773958141088
0.491244844105, -0.00117786582523, 0.178970762204, 0.920485164334, -0.3818622306, 0.076807253784, -0.0314474935285, 1703002774001827001
0.49124443763, -0.00117879346799, 0.178969868773, 0.920484629553, -0.381863743265, 0.0768062935025, -0.031447124104, 1703002774001889944
0.491245505598, -0.00118142134788, 0.178970974074, 0.920482937339, -0.381867570946, 0.0768076039367, -0.0314469760931, 1703002774001952886
0.491244695475, -0.00117867890907, 0.178968389903, 0.920485150376, -0.381862647232, 0.0768054935275, -0.0314471421552, 1703002774002007007
0.49124514235, -0.00117872597832, 0.178970185524, 0.920485329375, -0.38186200556, 0.0768068747757, -0.0314463209795, 1703002774010673999
0.491244302127, -0.00118020979579, 0.178969827883, 0.920484781588, -0.381863411727, 0.0768064217636, -0.0314463865156, 1703002774020550012
0.491245358381, -0.00117867504198, 0.178969743232, 0.920485078528, -0.381862478583, 0.0768071243616, -0.0314473099681, 1703002774065818071
0.49124593762, -0.00117961927267, 0.178970823778, 0.920485135603, -0.381862200888, 0.0768080063874, -0.0314468570911, 1703002774065886974
0.491244320645, -0.00118202768239, 0.17897065857, 0.920482068775, -0.381869821357, 0.0768063382229, -0.0314481638548, 1703002774065939903
0.491243817737, -0.00118008162217, 0.178970683871, 0.920485420657, -0.381861717842, 0.0768075677415, -0.0314454502716, 1703002774066020011
0.491245800695, -0.0011781492798, 0.178970969817, 0.920485967184, -0.381860335118, 0.0768073665544, -0.0314467347172, 1703002774105984926
0.491243627809, -0.00117865163976, 0.178970028001, 0.920484900022, -0.381863114728, 0.0768068394836, -0.031445506051, 1703002774106069087
0.49124445925, -0.00118161542307, 0.178969317092, 0.920484326428, -0.381864422227, 0.0768064902099, -0.0314472717301, 1703002774106134891
0.491245325678, -0.00117817781204, 0.178970436198, 0.920485289644, -0.381861799674, 0.0768078867967, -0.0314475122104, 1703002774106199026
0.491245404281, -0.00117823849421, 0.178969877555, 0.920484486238, -0.381863876867, 0.0768071354691, -0.0314476402959, 1703002774153920888
0.491246274512, -0.00117923253187, 0.178971088113, 0.920484640113, -0.381863129826, 0.076809010925, -0.0314476268831, 1703002774154004096
0.491246370127, -0.00117791325632, 0.178972324653, 0.92048411063, -0.381864480428, 0.0768083573201, -0.0314483212825, 1703002774154069900
0.491243875747, -0.00117980319545, 0.178969219596, 0.92048438443, -0.381864555343, 0.0768058749934, -0.0314454600705, 1703002774154131889
0.491243909928, -0.00117767618902, 0.178970161151, 0.920484832315, -0.38186319984, 0.0768066570156, -0.0314469000597, 1703002774202090024
0.491244674956, -0.00117901435715, 0.178971337628, 0.920484175508, -0.381864562957, 0.0768078099422, -0.0314467570364, 1703002774202186107
0.491246009125, -0.00117598866303, 0.178971028967, 0.920485522726, -0.381861071436, 0.0768085049554, -0.0314480228169, 1703002774202261924
0.491243975286, -0.001178127826, 0.178969915847, 0.920484844839, -0.381863319117, 0.076806281112, -0.0314460031724, 1703002774202332019
0.491244328428, -0.00117808013698, 0.178970611858, 0.920485307376, -0.381862085901, 0.0768063856235, -0.0314471840377, 1703002774202399969
0.491245400994, -0.00118032165969, 0.178971290672, 0.920484830165, -0.381863113695, 0.0768073803884, -0.0314462422657, 1703002774245999097
0.491246956874, -0.00117978471423, 0.178972921798, 0.920484209399, -0.381863892048, 0.0768099755118, -0.0314486225127, 1703002774246083021
0.491246797735, -0.00117778095549, 0.178972019244, 0.920485354828, -0.381861303148, 0.0768096245066, -0.0314473892174, 1703002774246155977
0.491245727792, -0.00117817962151, 0.178970918057, 0.920484097228, -0.381864585126, 0.0768080650406, -0.0314481560891, 1703002774246222972
0.491243583585, -0.00118045906776, 0.178970329028, 0.920485165423, -0.381862438903, 0.0768070551342, -0.0314454173708, 1703002774252371072
0.491246979523, -0.00117689919547, 0.178972090684, 0.9204847412, -0.3818627323, 0.0768095509298, -0.0314481761715, 1703002774263298034
0.491245322308, -0.00118021284529, 0.178970767822, 0.920484371124, -0.381864037342, 0.0768080195777, -0.0314469017457, 1703002774309923887
0.491248622856, -0.0011792390112, 0.178974123635, 0.920485015488, -0.381861710559, 0.0768112450997, -0.0314484164549, 1703002774310014963
0.491246493023, -0.00118196315259, 0.178972482188, 0.920482322494, -0.381868738137, 0.0768088797659, -0.0314476835241, 1703002774310082912
0.491247470752, -0.00117842764245, 0.178974587406, 0.920485008856, -0.381861928883, 0.0768103084159, -0.0314482473681, 1703002774357953071
0.491246084142, -0.0011786712486, 0.178972830289, 0.92048478746, -0.381862761808, 0.0768092717666, -0.0314471456563, 1703002774358021974
0.49124373911, -0.00117874744543, 0.178970386652, 0.920485450014, -0.381861710963, 0.0768066505652, -0.0314469146653, 1703002774358072042
0.491245207657, -0.00117860206009, 0.178970791715, 0.920485197876, -0.381862244518, 0.0768070204823, -0.0314469125377, 1703002774358117103
0.49124547835, -0.00117971115875, 0.17897168889, 0.920483965823, -0.381865034072, 0.0768078124161, -0.0314471678735, 1703002774358159065
0.491246595446, -0.00117829624382, 0.178971316165, 0.92048452619, -0.381863473258, 0.0768085625633, -0.0314478863221, 1703002774401941061
0.491245754055, -0.00117980891717, 0.178973160062, 0.92048491621, -0.381862416331, 0.0768089866297, -0.0314482685673, 1703002774402004003
0.49124654169, -0.00117962745209, 0.178973769159, 0.920484931952, -0.381862178995, 0.0768101864629, -0.0314477591878, 1703002774402089118
0.491246760008, -0.00117740203589, 0.178972867053, 0.920485245088, -0.381861642205, 0.0768090279878, -0.0314479412414, 1703002774402136087
0.491248028918, -0.00117822482585, 0.178974121762, 0.920484639192, -0.381862612932, 0.0768114374244, -0.0314480037058, 1703002774410548925
0.491246072082, -0.0011800354642, 0.178971399297, 0.920483755825, -0.381865335583, 0.076808452346, -0.0314480904308, 1703002774421505928
0.491244805053, -0.00118066781166, 0.178970668449, 0.920484548734, -0.38186376152, 0.0768073839388, -0.0314466047825, 1703002774461879968
0.491247370625, -0.00117742368184, 0.17897385254, 0.920485000771, -0.381862114573, 0.0768095669247, -0.0314480402912, 1703002774461951017
0.491246220956, -0.00117766950017, 0.178971981427, 0.920485218029, -0.381861621086, 0.0768090884526, -0.0314488419743, 1703002774462002038
0.491245283912, -0.00117943295798, 0.178971114513, 0.920484768279, -0.381863117788, 0.0768078612895, -0.0314468294676, 1703002774505913972
0.491246388479, -0.00117871937172, 0.178972204444, 0.920484863258, -0.381862439564, 0.076809542199, -0.0314481794546, 1703002774505974054
0.491239317132, -0.00117857455029, 0.178969783992, 0.920485575769, -0.381862877639, 0.076800337471, -0.0314444851603, 1703002774506028890
0.491201858454, -0.00117810380154, 0.178956073242, 0.920489793288, -0.38186288811, 0.0767573839073, -0.0314257721217, 1703002774506074905
0.491087843161, -0.0011780981656, 0.178915696334, 0.920500718009, -0.381868119203, 0.0766227062328, -0.0313708235631, 1703002774506118059
0.490892228114, -0.00117786424188, 0.178838521243, 0.920519253066, -0.381877509733, 0.0763921988994, -0.0312746581327, 1703002774549880981
0.490606034276, -0.00117681649063, 0.178724652961, 0.920548033654, -0.381887102827, 0.0760539152227, -0.0311345533137, 1703002774549966096
0.490228179556, -0.0011752545498, 0.178563175248, 0.920585784435, -0.381899583259, 0.0756083166226, -0.0309500284306, 1703002774550015926
0.489759840188, -0.00117290987807, 0.178366339799, 0.920632037027, -0.381915357696, 0.0750571707369, -0.0307202388808, 1703002774550060033
0.489267774842, -0.00117157640623, 0.178155846727, 0.920677713893, -0.381938194606, 0.0744758886668, -0.0304812179785, 1703002774557257890
0.488722376171, -0.00116915034754, 0.177921436818, 0.920730850552, -0.381955951924, 0.073833774607, -0.0302146547127, 1703002774567528009
0.488100747714, -0.00116222060732, 0.177649587859, 0.920791604544, -0.381973310808, 0.0731059044727, -0.0299121641332, 1703002774609824895
0.487416820112, -0.00115627537199, 0.177350330624, 0.920854981571, -0.381998795523, 0.072305204992, -0.029580068713, 1703002774609884977
0.486635021621, -0.00114750919118, 0.177016040253, 0.920930935841, -0.382016599147, 0.0713931490868, -0.0291984186474, 1703002774609931945
0.485862777553, -0.00113357040087, 0.176687732983, 0.92100642017, -0.38203035474, 0.0704935269786, -0.0288209076494, 1703002774657824993
0.485001603547, -0.00111150662311, 0.176326839049, 0.921092482769, -0.382036897626, 0.0694977841483, -0.0283990323165, 1703002774657888889
0.484196097798, -0.00109005869656, 0.17598920279, 0.921170755767, -0.382044727966, 0.0685695181685, -0.0280086724385, 1703002774657958030
0.483334423575, -0.00106360779419, 0.175634384544, 0.921256391877, -0.382044767812, 0.067581809099, -0.02758903574, 1703002774658010959
0.482228157528, -0.00102249661622, 0.175192960951, 0.921366956269, -0.382037205283, 0.066323210286, -0.0270506460773, 1703002774658060073
0.48127635449, -0.000987192134684, 0.174817587026, 0.921459328118, -0.38203180126, 0.0652483495715, -0.0265906436216, 1703002774701957941
0.480224536444, -0.000943009769021, 0.174410383997, 0.921564263367, -0.382012717796, 0.0640724226487, -0.0260828791374, 1703002774702043056
0.479194039457, -0.0008876124738, 0.174006156907, 0.921668129783, -0.381985445403, 0.0629301964734, -0.0255884429705, 1703002774702117919
0.478223457988, -0.00082981777424, 0.173637696071, 0.921765644845, -0.381956397682, 0.0618575645669, -0.0251206679569, 1703002774702167987
0.477059309769, -0.000761702901973, 0.173219440057, 0.921883495939, -0.381914707324, 0.0605713540868, -0.0245578360115, 1703002774706295967
0.475907423572, -0.000691591365579, 0.172833074056, 0.921998850793, -0.38187243941, 0.0592925209715, -0.0239990856626, 1703002774716670036
0.474658927422, -0.00060588934432, 0.172437110853, 0.922127089784, -0.381811774763, 0.0579154255868, -0.0233923581045, 1703002774757977962
0.473398496632, -0.000513034303944, 0.172061065181, 0.922257439118, -0.381743846291, 0.0565183446019, -0.0227712216152, 1703002774758076906
0.472114955739, -0.00040779224522, 0.171714166747, 0.922394007679, -0.381658932114, 0.0550980818686, -0.0221349386862, 1703002774758164882
0.470841816204, -0.000293957086567, 0.171386319621, 0.922529552721, -0.381566197426, 0.0537017333859, -0.0215077932475, 1703002774802025079
0.469690330542, -0.000181934073319, 0.171108670148, 0.92265474964, -0.381470163722, 0.052444097878, -0.020936660525, 1703002774802109003
0.468550566935, -6.7447155898e-05, 0.170836094286, 0.922779992986, -0.381366397752, 0.0512041681723, -0.0203688088208, 1703002774802175045
0.467297407005, 7.04961458084e-05, 0.170558086663, 0.922917650556, -0.381244596149, 0.0498545535159, -0.0197507390428, 1703002774802242040
0.466153659912, 0.000213652831442, 0.170301917267, 0.923043995593, -0.381126685834, 0.0486207735062, -0.019189891311, 1703002774802304983
0.465013332433, 0.000402458034897, 0.170047994782, 0.923163843106, -0.381018897138, 0.0473735370713, -0.018677976086, 1703002774849817991
0.463822732692, 0.000622945971134, 0.169803843659, 0.923289187698, -0.380899514804, 0.0460752365511, -0.0181578654777, 1703002774849935054
0.462747981546, 0.000827570807593, 0.169580297154, 0.923412316102, -0.380764029207, 0.0449028891676, -0.0176685901189, 1703002774849991083
0.461508209253, 0.00107406141562, 0.169331663674, 0.923554638393, -0.380601681924, 0.0435459763492, -0.0171154188617, 1703002774850037097
0.460346395148, 0.00131593149234, 0.169096191531, 0.923685344253, -0.380449024306, 0.0422853766724, -0.0166093840013, 1703002774853619098
0.459194309634, 0.00156904686562, 0.168862133413, 0.923820236875, -0.380280148222, 0.0410369664053, -0.0160980183927, 1703002774863323926
0.457923098923, 0.00185508281019, 0.168621223162, 0.923962886952, -0.380103354911, 0.0396515291159, -0.0155492559297, 1703002774906388998
0.456673937345, 0.0021687317229, 0.168387794021, 0.924098441623, -0.379935037506, 0.038279421632, -0.0150373981954, 1703002774906478881
0.455581565292, 0.00247105071223, 0.168190696661, 0.92422015871, -0.379773839015, 0.0370880240543, -0.014608487479, 1703002774906549930
0.454487956766, 0.00280138469178, 0.168002189986, 0.9243459631, -0.379598602335, 0.035891414034, -0.0141861906355, 1703002774906618118
0.453426691388, 0.00315919508908, 0.167821949768, 0.924468348184, -0.379422966349, 0.0347282020055, -0.0137999202198, 1703002774949826002
0.452252821022, 0.0035806723219, 0.16764286965, 0.924600907412, -0.379230796261, 0.0334338365816, -0.013391928596, 1703002774949887990
0.451083180058, 0.00403859415634, 0.167456699485, 0.924731739626, -0.379037092238, 0.0321361784048, -0.0130137801386, 1703002774949934959
0.450078218466, 0.0044687437743, 0.167301166183, 0.924846664845, -0.378859633358, 0.0310251871056, -0.0127067896031, 1703002774949979066
0.44902982115, 0.00498732178298, 0.167143166711, 0.92496643692, -0.378671503211, 0.0298423364784, -0.0124265112229, 1703002774997970104
0.448002061799, 0.0055342489715, 0.166999751897, 0.925077797587, -0.378498127076, 0.028665404785, -0.0121873204578, 1703002774998051881
0.446920844879, 0.00613583561388, 0.166846798219, 0.925187064928, -0.378330903062, 0.02741221793, -0.0119663271409, 1703002774998116970
0.445894794147, 0.00671570304027, 0.166694478652, 0.925284495692, -0.378182665496, 0.0262273348396, -0.0117728695446, 1703002774998179912
0.444785814002, 0.00740265551313, 0.166519426673, 0.925385090515, -0.378029303179, 0.0249290871693, -0.0116112360839, 1703002775041841983
0.443793381834, 0.00804967703087, 0.166380019914, 0.925471453638, -0.377897920146, 0.0237442043725, -0.0114875240402, 1703002775041949033
0.442778456007, 0.00872382083432, 0.16624510223, 0.925560068524, -0.377759030948, 0.0225304883047, -0.011360069858, 1703002775042000055
0.441691340722, 0.00950470498897, 0.166083763688, 0.925660930795, -0.377590066081, 0.0212333332243, -0.0112573867931, 1703002775042051076
0.440776526116, 0.0102152101767, 0.165945461823, 0.925760497051, -0.377407354905, 0.0201566378133, -0.0111758899, 1703002775085890054
0.439766280119, 0.010968180144, 0.165814269429, 0.925882809799, -0.377173229395, 0.0189677067254, -0.0110274044291, 1703002775085948944
0.438799949844, 0.0117061492676, 0.165694243229, 0.926006932703, -0.376927759231, 0.0178417552746, -0.0108764275189, 1703002775085995912
0.43794669957, 0.0123997767112, 0.165583483429, 0.926113710496, -0.37671417538, 0.0168455123903, -0.0107728367244, 1703002775086040019
0.436997433047, 0.0131980707431, 0.165454496807, 0.926234370389, -0.376468733552, 0.0157239687033, -0.0106742950959, 1703002775086081981
0.43615623399, 0.0139278676109, 0.165338331903, 0.926335542886, -0.376262106579, 0.0147181294236, -0.0106144149807, 1703002775130069017
0.435258564209, 0.0147265167512, 0.165221873711, 0.926457994763, -0.376003159421, 0.0136507528167, -0.0105292446108, 1703002775130172014
0.434398616984, 0.0155477519002, 0.165104256193, 0.92657204546, -0.375759519857, 0.0126092574341, -0.0104897300209, 1703002775130249023
0.433590591443, 0.0164011483566, 0.164984434919, 0.926687604202, -0.375506526961, 0.0116177750686, -0.0104861685375, 1703002775130328893
0.432850367713, 0.0172023839666, 0.164874902565, 0.926800682196, -0.375254806427, 0.0107048437449, -0.0104753068946, 1703002775138240098
0.432102300321, 0.0180349960937, 0.164763451709, 0.926915839851, -0.374995811542, 0.00977963409938, -0.0104654629594, 1703002775148616075
0.431224504292, 0.0189831868942, 0.164623519873, 0.927032133784, -0.374735449277, 0.00869523718383, -0.0104479106855, 1703002775193852901
0.430415679673, 0.0198855524359, 0.164478484346, 0.927134554354, -0.374503563999, 0.00768302764632, -0.0104675575425, 1703002775193922042
0.429644809871, 0.0207978800884, 0.16433943289, 0.927243631838, -0.374251088548, 0.00670422122264, -0.0105082516736, 1703002775193972110
0.428866066655, 0.0216952391945, 0.164203615456, 0.927356106407, -0.373988429914, 0.00571315159484, -0.0105197955497, 1703002775194016933
0.427782978483, 0.0229317999855, 0.164013210393, 0.927503918988, -0.373639871649, 0.00434312470414, -0.0105291901175, 1703002775237818956
0.427015764399, 0.0237880321181, 0.163868143288, 0.927621374418, -0.373359126624, 0.00339833870579, -0.0104880686459, 1703002775237875938
0.426296820374, 0.0246356561373, 0.163726675098, 0.927736527998, -0.373080798731, 0.00251875389227, -0.0104550521901, 1703002775237922906
0.425514991689, 0.0255745286258, 0.163575812951, 0.927858175975, -0.372784565124, 0.00154598845766, -0.0104155269106, 1703002775237966060
0.42479208105, 0.0264469495865, 0.163439835448, 0.927964316244, -0.372524004852, 0.000640014176179, -0.0103770886363, 1703002775281802892
0.424075807689, 0.0273030759223, 0.163293180497, 0.928073192141, -0.372255184149, -0.00023769130054, -0.0103039510264, 1703002775281863927
0.423390314556, 0.0281471400061, 0.163137324989, 0.928175137915, -0.372001174328, -0.00107111642655, -0.0102416973614, 1703002775281910896
0.42266799518, 0.0290521214117, 0.16297619815, 0.928272127873, -0.371757522357, -0.00195633126513, -0.0101672982407, 1703002775281954050
0.421942052528, 0.0299473595916, 0.162828450192, 0.928363536736, -0.371525973482, -0.00284514328996, -0.0100747132002, 1703002775325931072
0.42126047801, 0.0307551645966, 0.16268500481, 0.928436803579, -0.371337662019, -0.00367898226382, -0.00999537972306, 1703002775325993061
0.420583309401, 0.0315576586817, 0.162537867997, 0.928509327105, -0.371149507083, -0.00449841399437, -0.00991146521887, 1703002775326055049
0.419924786574, 0.0323632468711, 0.162392793223, 0.928581813896, -0.370959425064, -0.00530048967261, -0.00983995260096, 1703002775326124906
0.419269945597, 0.0332135493733, 0.16226028215, 0.928649506613, -0.370778320512, -0.00611493069201, -0.00980502566277, 1703002775370014905
0.418566421094, 0.0341667417229, 0.162110254217, 0.928736311035, -0.370547017823, -0.00697556147933, -0.00975262471147, 1703002775370098114
0.4179635454, 0.0350402694826, 0.161976971074, 0.92881512521, -0.370336387486, -0.00770112373183, -0.00970133895811, 1703002775370163917
0.417393696461, 0.0359153886662, 0.16185928, 0.92888203646, -0.370154875602, -0.00838411729662, -0.00965593014706, 1703002775370227098
0.416731165536, 0.0368704181106, 0.161736704451, 0.928953735922, -0.369958784614, -0.0091674075696, -0.0095610063332, 1703002775370286941
0.416113632415, 0.0377156384714, 0.161616149106, 0.929004007774, -0.369817358407, -0.00987814410861, -0.00943913288004, 1703002775413974046
0.415410784492, 0.0386357667782, 0.161470609667, 0.929057493776, -0.36966442996, -0.0106821134723, -0.00928843002896, 1703002775414057016
0.414647719863, 0.0395441495953, 0.161320815417, 0.92912375769, -0.369476596058, -0.0115486705763, -0.00909483752999, 1703002775414124965
0.413856710969, 0.0404594516263, 0.161159885431, 0.929196153087, -0.369270037507, -0.0124499970194, -0.00889640723327, 1703002775414186954
0.413114058918, 0.0413625992363, 0.160993283509, 0.929284463735, -0.369023952938, -0.0132764850043, -0.00868576791295, 1703002775422300100
0.412368960487, 0.0422785205093, 0.160844083906, 0.9293719899, -0.368777886878, -0.0141002203245, -0.0084710286578, 1703002775433221101
0.411679748139, 0.0431056664185, 0.160719527141, 0.929427267016, -0.368611814774, -0.0148799790067, -0.00829888910721, 1703002775473788022
0.410976430026, 0.0439283800206, 0.160593076959, 0.929487149248, -0.368431774909, -0.0156726074115, -0.00812625353556, 1703002775473853111
0.410172050635, 0.0448286143361, 0.160445895189, 0.929554125988, -0.368227000561, -0.0165818413291, -0.00794011684497, 1703002775473912000
0.409379255508, 0.0457159011786, 0.160293993805, 0.929612961795, -0.368040173576, -0.0174811604778, -0.00778337494136, 1703002775518034934
0.408699835271, 0.046508518872, 0.160165769262, 0.929683416889, -0.367827328039, -0.0182551048164, -0.00765194473759, 1703002775518121957
0.408012732633, 0.0473361336083, 0.160041397062, 0.929758985463, -0.367598040867, -0.0190526515785, -0.0075435912859, 1703002775518194913
0.407255252285, 0.0482954030417, 0.159912550668, 0.92983583174, -0.367358101332, -0.0199395019224, -0.00746777490973, 1703002775518264055
0.406569765469, 0.0491602496528, 0.159792598424, 0.929914184096, -0.367118618471, -0.0207190860373, -0.00736543701661, 1703002775518335103
0.40581486962, 0.0500814456527, 0.159659963982, 0.929991986517, -0.36687539882, -0.0215670662632, -0.00722553859578, 1703002775561811923
0.405089128586, 0.0509824080947, 0.159529430266, 0.93007794229, -0.366612374498, -0.0223708591683, -0.0070663138425, 1703002775561870098
0.404359155593, 0.0518466789657, 0.159401921268, 0.930160449525, -0.366356276053, -0.0231755244154, -0.00689290967936, 1703002775561918020
0.403618461523, 0.0526710898317, 0.159269517223, 0.930249893197, -0.366080933346, -0.0239830283321, -0.00668586563444, 1703002775561964035
0.402943487369, 0.0534116190823, 0.159148316024, 0.930336542152, -0.365816210776, -0.0247065673764, -0.00648103377467, 1703002775570527076
0.402280154839, 0.0541542516166, 0.159024528732, 0.930407301445, -0.365589914443, -0.0254281729378, -0.0062988806263, 1703002775580610990
0.401561922877, 0.0549813982461, 0.158895143633, 0.930492840017, -0.365320861166, -0.0262024326127, -0.00609717956203, 1703002775621917009
0.400822592437, 0.0557838571528, 0.158764529117, 0.930582420374, -0.365039357862, -0.0269877818838, -0.00585540182258, 1703002775622003078
0.400085193613, 0.0565467556334, 0.158635159758, 0.930655028527, -0.364799861474, -0.0277658503688, -0.00559790129119, 1703002775622070074
0.399466527885, 0.0572290733318, 0.158522297018, 0.930710705997, -0.36461127268, -0.0284106013539, -0.00538881313548, 1703002775665808916
0.398788018547, 0.0579505875178, 0.158398683339, 0.930775215839, -0.364394476788, -0.0291166229118, -0.00513664642787, 1703002775665893077
0.398101085387, 0.0586404902812, 0.158284053058, 0.930833208391, -0.364191631919, -0.0298349849809, -0.00488539337247, 1703002775665980100
0.397401378896, 0.0593239755858, 0.15816151462, 0.930892489548, -0.363983083957, -0.0305635988321, -0.00462103044196, 1703002775666049957
0.39672224926, 0.0599543986265, 0.158050742247, 0.930938612556, -0.363806844981, -0.0312827902053, -0.00438933193643, 1703002775714101076
0.396020417512, 0.0605959108861, 0.157934085694, 0.930993212981, -0.363605704767, -0.0320213231582, -0.00414291062458, 1703002775714188098
0.395236904349, 0.0613299278303, 0.157802392608, 0.931039991543, -0.36341451607, -0.0328525601046, -0.00389010959348, 1703002775714258909
0.394452652528, 0.0620851579343, 0.157671522059, 0.931082112596, -0.363232802985, -0.0336857073463, -0.00364740457407, 1703002775714328050
0.393656378303, 0.0628724826226, 0.157551187761, 0.931119179228, -0.363058460025, -0.0345513489115, -0.00343990784915, 1703002775714395046
0.392823969883, 0.0636469156659, 0.157433078111, 0.931170348228, -0.362842759277, -0.0354491126275, -0.00320546968847, 1703002775757824897
0.391974789913, 0.0644043721091, 0.157315605609, 0.931218901134, -0.362631603729, -0.0363443956309, -0.00296024565254, 1703002775757891893
0.391206660714, 0.0650689194787, 0.1572078491, 0.931249785622, -0.362471801615, -0.0371559564337, -0.0027321629101, 1703002775757961988
0.390369750432, 0.0657641878555, 0.157096831404, 0.931294169401, -0.362269701775, -0.0380245890796, -0.00244209758061, 1703002775758011102
0.389625609063, 0.066375004241, 0.157003673515, 0.931331979199, -0.362092995728, -0.038790261618, -0.00217314725951, 1703002775762609004
0.388815829824, 0.0670141143546, 0.156902998033, 0.931385843792, -0.361868026745, -0.0396045712488, -0.0018490914112, 1703002775773257017
0.388068637714, 0.0675761672861, 0.156806857171, 0.931434294669, -0.361663500319, -0.0403404002612, -0.00152294381488, 1703002775813879013
0.387318198304, 0.0681411142711, 0.156718422863, 0.931460240749, -0.361514658964, -0.0410794958505, -0.00120261330939, 1703002775813958883
0.386517863447, 0.0687606794375, 0.15662722031, 0.931488356813, -0.36135301794, -0.041865189139, -0.000862255838536, 1703002775814026117
0.385708937788, 0.0693635682722, 0.156536075963, 0.931502341144, -0.361222333082, -0.0426793260998, -0.000538191740821, 1703002775858248949
0.38496744929, 0.0699045020519, 0.156452530013, 0.931520380108, -0.361086671371, -0.0434296557013, -0.000249413552971, 1703002775858313083
0.384133639068, 0.0704797363471, 0.156358246346, 0.931547020569, -0.360916238869, -0.0442674791821, 8.52990822034e-05, 1703002775858360052
0.38332172634, 0.0710116404461, 0.156264600192, 0.931587578524, -0.360712159828, -0.0450680868014, 0.000434562530891, 1703002775858407020
0.382596278967, 0.071493030311, 0.15618815632, 0.931633054679, -0.360503485194, -0.0457879938852, 0.000740410965102, 1703002775858448982
0.381815392751, 0.0720154996528, 0.156107402793, 0.931679874098, -0.360281360557, -0.0465708075817, 0.00105513851838, 1703002775905888080
0.381140507408, 0.0725068355278, 0.156038541227, 0.931728686692, -0.360066066314, -0.0472478975835, 0.00131089975534, 1703002775905952930
0.380462841194, 0.0729839446761, 0.155972110961, 0.931775783244, -0.35985467025, -0.047916510155, 0.00158559573756, 1703002775906001091
0.379667411075, 0.0735102915639, 0.155896714955, 0.931821794158, -0.359628081082, -0.048704192097, 0.00192065112363, 1703002775906050920
0.378819074558, 0.0740122564261, 0.155813518756, 0.931851465146, -0.359434881218, -0.0495391290973, 0.00229951232936, 1703002775910407066
0.377988427363, 0.0744666112188, 0.155734460582, 0.931874827707, -0.359257513815, -0.0503610412736, 0.00266641623726, 1703002775920438051
0.377068219313, 0.0749482966041, 0.1556498388, 0.931903568245, -0.359051325352, -0.0512683024125, 0.00307350333273, 1703002775961802005
0.376245822655, 0.0753819292487, 0.155580504974, 0.931920992526, -0.358886142448, -0.0520791585489, 0.00342953253709, 1703002775961860895
0.375365483421, 0.0758548431184, 0.155521644928, 0.931931601016, -0.358727267303, -0.0529509903796, 0.00379886018903, 1703002775961952924
0.374535962051, 0.0762543908062, 0.155484967382, 0.931951518768, -0.358550349552, -0.0537650470555, 0.00416331816966, 1703002776005897045
0.373677064736, 0.0766540993649, 0.155449031211, 0.931959647825, -0.358397454766, -0.0546090723655, 0.0045087092042, 1703002776005963087
0.372800464609, 0.0770789152682, 0.155415842657, 0.931955013734, -0.358271803918, -0.0554787928394, 0.0048239442851, 1703002776006011009
0.371836764027, 0.0775357931512, 0.155387761512, 0.931949902833, -0.3581309367, -0.0564346066701, 0.00517164944978, 1703002776006062030
0.370910714453, 0.0779757661011, 0.155384296259, 0.931947864938, -0.357986347857, -0.0573470359564, 0.00550174984726, 1703002776006104946
0.370067723446, 0.0783573285409, 0.155393989535, 0.931961243971, -0.357814256046, -0.0581666416483, 0.00581719046713, 1703002776053977012
0.369222922664, 0.0787442553849, 0.155397123814, 0.93196462631, -0.357666559728, -0.0589842892965, 0.00611726862435, 1703002776054058074
0.368287489126, 0.0791717144367, 0.155413253058, 0.931965969878, -0.357508856037, -0.0598760348711, 0.00645827317342, 1703002776054122924
0.367417712962, 0.0795221552503, 0.155437094245, 0.931959214091, -0.35738115138, -0.060700411956, 0.00679675642953, 1703002776054184913
0.366477392749, 0.079883925552, 0.155478156367, 0.931953416241, -0.357239634045, -0.0615719126015, 0.00718146239281, 1703002776056490898
0.365649110881, 0.0801899749352, 0.155516784572, 0.931945683746, -0.357121836464, -0.0623260591483, 0.00752986185257, 1703002776066169977
0.364827600764, 0.0804703448068, 0.155572715574, 0.931945505797, -0.356986059871, -0.0630570701877, 0.00789513658999, 1703002776115082979
0.363921484416, 0.0807773969018, 0.155643127002, 0.931935928842, -0.356857344163, -0.0638722166836, 0.00828253501587, 1703002776115345001
0.363120374009, 0.0810428042705, 0.155720367271, 0.931927494868, -0.356745420722, -0.0645718685041, 0.00862107300855, 1703002776115577936
0.362210126227, 0.0813098691245, 0.155812936987, 0.931918796604, -0.35661358714, -0.0653655309863, 0.00902515167781, 1703002776115777015
0.361238369493, 0.0815535753744, 0.155920479113, 0.93190366084, -0.356485040414, -0.0662135271373, 0.00947373725638, 1703002776161907911
0.360238973319, 0.0817743236025, 0.156038349667, 0.931881937378, -0.356368770223, -0.0670721764219, 0.00993365734721, 1703002776161984920
0.359322761902, 0.0819764354015, 0.156152236621, 0.93185778431, -0.356272270168, -0.0678535673998, 0.0103456620104, 1703002776162034988
0.358281521839, 0.0821910328682, 0.156297822922, 0.931819480794, -0.356186791975, -0.0687497380747, 0.0108119355429, 1703002776162079095
0.357335643195, 0.0823812500817, 0.156444612469, 0.931788033107, -0.356100313134, -0.0695513323013, 0.0112356806929, 1703002776162122011
0.356311755272, 0.0825798839639, 0.156615639812, 0.931752877559, -0.356011330579, -0.0703982797973, 0.0116871665505, 1703002776205810070
0.355302963884, 0.0827864777739, 0.156804133005, 0.931712642135, -0.355938265586, -0.0712214652346, 0.0121246223732, 1703002776205898046
0.354279415065, 0.0829676698493, 0.157014463268, 0.931678717507, -0.355844336347, -0.0720488166529, 0.0125914118488, 1703002776205960035
0.353364366864, 0.083118646728, 0.157208789442, 0.931658784349, -0.355735212887, -0.0727652339464, 0.0130226182822, 1703002776206007003
0.3523646862, 0.083293640535, 0.157426538536, 0.931627672091, -0.35563987617, -0.073542837786, 0.013476278491, 1703002776215190887
0.351428502074, 0.083442426977, 0.157629527771, 0.931604273694, -0.355532354112, -0.0742719612942, 0.0139247326847, 1703002776225754022
0.35039720446, 0.0835935756256, 0.157840064222, 0.931571000352, -0.355429090146, -0.0750833812309, 0.0144263316579, 1703002776269854068
0.349492279985, 0.0837067861042, 0.158029225995, 0.931547114244, -0.355327541497, -0.0757663871654, 0.0148918357964, 1703002776269926071
0.348548003891, 0.0838354517897, 0.15824587291, 0.931521264502, -0.355226035998, -0.0764603747381, 0.0153755723453, 1703002776269973993
0.347627603529, 0.0839687046064, 0.158473680641, 0.931483499669, -0.355157999339, -0.0771412860915, 0.0158274233313, 1703002776270068883
0.346743789138, 0.0840725495902, 0.158696909382, 0.931452931417, -0.355074648979, -0.0777993868687, 0.0162691612885, 1703002776315179109
0.345758545026, 0.0841524014021, 0.158920641382, 0.931413601985, -0.354984375677, -0.0785724143735, 0.0167681472536, 1703002776315257072
0.344770423107, 0.0842216490057, 0.159137892024, 0.931383802329, -0.354870671449, -0.0793289200247, 0.0172609892867, 1703002776315305948
0.343702743421, 0.0842788346064, 0.159384195142, 0.931346820765, -0.354757787496, -0.0801472498447, 0.0177884795455, 1703002776315350055
0.342711491968, 0.0843148189007, 0.159630716349, 0.931305979716, -0.35466487856, -0.0809183965178, 0.0182813885159, 1703002776357836008
0.341614740802, 0.0843402701003, 0.159913071039, 0.931261440448, -0.354559729654, -0.0817625682797, 0.0188257820914, 1703002776357897996
0.3405513027, 0.0843560981548, 0.160199244966, 0.931229487915, -0.354432483729, -0.0825524100405, 0.019348253469, 1703002776357944965
0.339510935719, 0.0843713981961, 0.160496902495, 0.931199874566, -0.354304430993, -0.083315544435, 0.0198414677548, 1703002776357989072
0.338598137579, 0.0843772333633, 0.160773654192, 0.931174726102, -0.354187369756, -0.0839856651214, 0.0202816327788, 1703002776406032085
0.337610026032, 0.0843624848907, 0.161082667252, 0.931144540232, -0.354065804451, -0.0847123911082, 0.0207620352357, 1703002776406117916
0.336688660717, 0.0843341111871, 0.161361291073, 0.931113481814, -0.353958350564, -0.0853890429071, 0.0212104078495, 1703002776406183958
0.335701910445, 0.0842923056083, 0.16165289493, 0.931084857521, -0.353833175278, -0.0860959638275, 0.0216923299747, 1703002776406246900
0.334698490954, 0.0842385754291, 0.161945588211, 0.931043963726, -0.353731024884, -0.0868299706924, 0.0221823315582, 1703002776406306982
0.333824316068, 0.0841845758519, 0.162221210891, 0.931012464936, -0.353635432885, -0.0874471711099, 0.0226000665259, 1703002776453836917
0.332839979318, 0.0841116738538, 0.162538949376, 0.930981187267, -0.353515065344, -0.0881396371501, 0.0230766525359, 1703002776453901052
0.331800892724, 0.0840274493682, 0.162865778668, 0.930938952914, -0.353404743987, -0.0888946935437, 0.0235687575946, 1703002776453948020
0.330730552585, 0.0839304651705, 0.163205706319, 0.930889357876, -0.353302664545, -0.0896809374434, 0.0240740540337, 1703002776453991889
0.329752607295, 0.0838343417769, 0.163525797999, 0.930843060387, -0.353209033493, -0.0904025628574, 0.0245347145396, 1703002776458517074
0.328680325516, 0.0837246572203, 0.163888012735, 0.930790716369, -0.353111144252, -0.0911842153063, 0.0250319996345, 1703002776469326972
0.327709143007, 0.0836248417752, 0.164215855515, 0.930739955381, -0.353029376644, -0.0918925906451, 0.0254783529442, 1703002776509830951
0.326692891094, 0.0835114269366, 0.164586820023, 0.930689509959, -0.352943875115, -0.0926002845755, 0.025939243765, 1703002776509967088
0.32575380001, 0.0833973506088, 0.164915837015, 0.930633395381, -0.352881714222, -0.0932800781212, 0.0263591766855, 1703002776510024070
0.324817765203, 0.083279984618, 0.165223656703, 0.930572053469, -0.352827495053, -0.0939749841342, 0.0267789916652, 1703002776553863048
0.323791106053, 0.083148733852, 0.165554849715, 0.930504472387, -0.352768236485, -0.0947310310887, 0.0272402265786, 1703002776553982019
0.322760214437, 0.0830150624526, 0.165883148401, 0.930435521321, -0.352708957008, -0.0954919276675, 0.0277024197612, 1703002776554039001
0.321849057872, 0.0828939024045, 0.16617924684, 0.930371275255, -0.352667596689, -0.0961510162022, 0.0281040657004, 1703002776554085016
0.320956303973, 0.0827721530454, 0.166470758765, 0.930310979598, -0.352621646035, -0.0967852982019, 0.0284967022471, 1703002776554127931
0.320136590051, 0.0826615308717, 0.166750851613, 0.930255818812, -0.352584373015, -0.0973455137622, 0.0288482655083, 1703002776597975969
0.319329244743, 0.0825494755116, 0.167033133989, 0.930205025438, -0.352539791832, -0.0978881151568, 0.0291928541848, 1703002776598057985
0.318345532787, 0.0824183397808, 0.167350184517, 0.930137736311, -0.352488286115, -0.0985810263426, 0.0296239917647, 1703002776598169088
0.317374408558, 0.0822916930263, 0.167642240163, 0.930064763113, -0.352440996133, -0.0993043838699, 0.0300586094889, 1703002776598232984
0.316325887305, 0.0821544376115, 0.167961720327, 0.92998933604, -0.352381056824, -0.100077288062, 0.0305280536338, 1703002776604515075
0.31527632022, 0.0820225589207, 0.168285135606, 0.929910232972, -0.352322937653, -0.1008683335, 0.0310013792359, 1703002776615576982
0.314208616401, 0.0818836864029, 0.168609718551, 0.929826639886, -0.352266465361, -0.101682817426, 0.0314858981284, 1703002776657824993
0.313247136273, 0.0817594620568, 0.168900707287, 0.929752922258, -0.352210177594, -0.102413127886, 0.0319224934676, 1703002776657886028
0.312232480403, 0.0816274136264, 0.169211419149, 0.929674059392, -0.352155483557, -0.103171529192, 0.0323773726472, 1703002776657938003
0.311325702996, 0.0815098362663, 0.169495238295, 0.929603665354, -0.352106630889, -0.103842715344, 0.0327816460165, 1703002776657984018
0.31044637104, 0.0813902939926, 0.16977323092, 0.929535503523, -0.35206196387, -0.104478554049, 0.0331715695958, 1703002776701800107
0.309492834124, 0.0812630801444, 0.170071824014, 0.929461737783, -0.352013578911, -0.105161193041, 0.0335922868683, 1703002776701860904
0.308616057075, 0.0811429960638, 0.170340678356, 0.929393060292, -0.351969974618, -0.105788469059, 0.0339775847151, 1703002776701910018
0.307667219261, 0.0810147295186, 0.170623807676, 0.929320105093, -0.351922514231, -0.106451799047, 0.0343904162055, 1703002776701953887
0.306791612954, 0.0808911664639, 0.17087363951, 0.929251030585, -0.351882065416, -0.107063323731, 0.0347703739695, 1703002776750024080
0.305943366547, 0.0807658217033, 0.171108241805, 0.929182131434, -0.35185146445, -0.107641328547, 0.0351348541516, 1703002776750118017
0.305024338929, 0.080630109395, 0.171339383381, 0.929108547809, -0.351817307153, -0.108257908175, 0.0355262451334, 1703002776750195980
0.304176007209, 0.0805008513903, 0.171540877168, 0.929039923104, -0.351787599608, -0.108822640195, 0.0358878673463, 1703002776750267028
0.303164649649, 0.0803499260794, 0.171734095546, 0.928949651131, -0.351753146498, -0.109554078242, 0.0363341923448, 1703002776793915033
0.302227617503, 0.080211345491, 0.171887934788, 0.928862116771, -0.351726155836, -0.110241735044, 0.0367510432863, 1703002776793976068
0.301212931512, 0.0800589797245, 0.172048145325, 0.928771721318, -0.351690617738, -0.110964386423, 0.0371981722677, 1703002776794023036
0.300216327256, 0.0799046918967, 0.172197663532, 0.928681685491, -0.351661206868, -0.111662571925, 0.0376323351372, 1703002776794068098
0.299219625723, 0.0797488690426, 0.172334359376, 0.928589636786, -0.351635907515, -0.112358161743, 0.0380672889805, 1703002776837965965
0.298307885462, 0.0796056196494, 0.172460841055, 0.928504664967, -0.351614235238, -0.11299234937, 0.0384609632715, 1703002776838027954
0.297350199162, 0.0794490691617, 0.172581719068, 0.928414926146, -0.351597049023, -0.113640898388, 0.0388714064583, 1703002776838076114
0.296402709047, 0.0792945325125, 0.172700961755, 0.928328348257, -0.351579287173, -0.114264019052, 0.0392710657357, 1703002776838120937
0.295424221719, 0.0791335783379, 0.172819686206, 0.928237775443, -0.351560445459, -0.114912666555, 0.0396858223316, 1703002776838162899
0.294457560041, 0.0789720285258, 0.172928174439, 0.92814788839, -0.351546062496, -0.115540339089, 0.0400910621525, 1703002776882039070
0.293587030416, 0.0788261422379, 0.173009528611, 0.928066410682, -0.3515345644, -0.116100422204, 0.0404583657561, 1703002776882138967
0.292640827748, 0.0786625336638, 0.173083426732, 0.927974313857, -0.351527249013, -0.116717547597, 0.0408568244697, 1703002776882220983
0.291686090031, 0.0784962065187, 0.173155233582, 0.927880156952, -0.351519777246, -0.117344720692, 0.0412610841443, 1703002776882297992
0.290855565209, 0.0783526334731, 0.173213863948, 0.927798873216, -0.351512636644, -0.117884912281, 0.0416084678355, 1703002776890551090
0.289953637281, 0.0781947388508, 0.173266575953, 0.927707680548, -0.351511147701, -0.118470919983, 0.0419882556618, 1703002776901530981
0.289139324982, 0.0780489502035, 0.173334396509, 0.927627871454, -0.351506355983, -0.118987973423, 0.0423281937357, 1703002776941905021
0.288301178674, 0.0778893375484, 0.173404272742, 0.927546451766, -0.351507331996, -0.119494545516, 0.0426758592382, 1703002776941996097
0.287528210409, 0.077726888003, 0.173466737243, 0.92747097591, -0.351519237344, -0.119929718191, 0.0429962476958, 1703002776942116022
0.286735980283, 0.0775550073319, 0.173533643648, 0.927395037099, -0.351524403374, -0.120379055526, 0.0433349972601, 1703002776986099958
0.285893813332, 0.077385015867, 0.173600986918, 0.927309475341, -0.351531017776, -0.120888945232, 0.0436914568955, 1703002776986201047
0.285022195847, 0.0771994941749, 0.173669070885, 0.927218754157, -0.35154082986, -0.121418678733, 0.0440673499955, 1703002776986253023
0.284165518585, 0.0770134620462, 0.173731942386, 0.927128174184, -0.351542829288, -0.121961924835, 0.0444553337859, 1703002776986296892
0.283215936648, 0.0767997081959, 0.173801222398, 0.927024088647, -0.351554661186, -0.122560475182, 0.0448841752764, 1703002777029865026
0.282376145498, 0.0765961219351, 0.173848150113, 0.926929138638, -0.351570102002, -0.123088785622, 0.0452767730329, 1703002777029926061
0.28145677802, 0.0763625756024, 0.173879246827, 0.926823320921, -0.351586009147, -0.123676318305, 0.0457162800151, 1703002777029973983
0.280548350388, 0.0761255668823, 0.173909563368, 0.926717582373, -0.351606594509, -0.12424718221, 0.0461515214354, 1703002777030024051
0.279733550987, 0.0758925346674, 0.173930983509, 0.926625501861, -0.351621364587, -0.124737668275, 0.0465629614538, 1703002777030067920
0.278818139805, 0.0756074506118, 0.173956198864, 0.926521517254, -0.35163503442, -0.125288734359, 0.047046930587, 1703002777073854923
0.277983352679, 0.075343175028, 0.173985725292, 0.926427550299, -0.351643274892, -0.125791478032, 0.0474921606671, 1703002777073915958
0.277113956735, 0.07504925659, 0.174017703346, 0.926328278375, -0.351660199087, -0.126296967184, 0.047959369693, 1703002777073967933
0.276372526958, 0.0747927883315, 0.174050506055, 0.926245361121, -0.351675499831, -0.126708394597, 0.0483617261901, 1703002777074033975
0.275568751036, 0.0745048314124, 0.174107858407, 0.926157058825, -0.351690026188, -0.127143598494, 0.0488030043095, 1703002777082479000
0.274739352097, 0.0742043905819, 0.174175202374, 0.926061473785, -0.351708997074, -0.127609159572, 0.0492628718357, 1703002777093684911
0.273998683159, 0.0739250106863, 0.174234983077, 0.925977315102, -0.351718453805, -0.128028001831, 0.049688750398, 1703002777133898019
0.273305139874, 0.0736410129699, 0.17429040146, 0.925897951818, -0.351733251766, -0.128398603058, 0.0501049015086, 1703002777133994102
0.272602968277, 0.0733531367069, 0.17434659336, 0.925816400114, -0.351749078605, -0.128779022813, 0.0505226905855, 1703002777134073019
0.271808361565, 0.0730413377364, 0.174399622319, 0.925716612755, -0.351777800702, -0.129236419596, 0.0509811695856, 1703002777177891969
0.271020576523, 0.0727259235136, 0.174437617148, 0.925616252439, -0.351811834618, -0.12968280929, 0.051433016816, 1703002777177972078
0.270323857645, 0.0724345989931, 0.174458146246, 0.925521354165, -0.351859678539, -0.1300715298, 0.0518303650214, 1703002777178021907
0.269622428255, 0.0720978585447, 0.174468360511, 0.925425923203, -0.351923734718, -0.130411845853, 0.0522426651887, 1703002777178066968
0.268973829774, 0.0717708714403, 0.174468450823, 0.925337593928, -0.351982212947, -0.130722544019, 0.0526353067548, 1703002777178108930
0.268304960759, 0.0714308996901, 0.174452810377, 0.925242779065, -0.352049215361, -0.131047715883, 0.0530438112609, 1703002777222008943
0.26762712692, 0.0710799882615, 0.174425032317, 0.925146376901, -0.352121531269, -0.131367999511, 0.0534514473855, 1703002777222094058
0.26691679502, 0.0706762782776, 0.174375355798, 0.925045288917, -0.352210698583, -0.131659779271, 0.0538937823718, 1703002777222161054
0.266223166161, 0.0702273206153, 0.174301246836, 0.92494692848, -0.352297547502, -0.131919736116, 0.0543764723319, 1703002777222246885
0.265534351141, 0.069763858545, 0.174221738639, 0.924842662001, -0.352402384754, -0.132173969938, 0.0548511753193, 1703002777229374885
0.264859346165, 0.0693155998994, 0.174145164225, 0.92473339688, -0.35252197858, -0.13243108515, 0.0553028660942, 1703002777240945100
0.26422909514, 0.0688951848682, 0.174063333096, 0.924627010574, -0.352633045346, -0.132696973049, 0.0557345493449, 1703002777285852909
0.263539103451, 0.068433621146, 0.173970250435, 0.924502551318, -0.352769854718, -0.133003153981, 0.0562016302268, 1703002777285923004
0.262862693685, 0.0679706801755, 0.173878445637, 0.924374381861, -0.352922559542, -0.133293764651, 0.0566607574152, 1703002777285980939
0.262241800497, 0.0675289677567, 0.173791996522, 0.924255915842, -0.353061944593, -0.133558239899, 0.0571004541795, 1703002777286026954
0.261545241571, 0.0670290697915, 0.173697705952, 0.924119695958, -0.353223042814, -0.133861945733, 0.0575955645264, 1703002777329847097
0.260871980471, 0.0665283992251, 0.173613718676, 0.923982694362, -0.353396216091, -0.134146485708, 0.05806733457, 1703002777329929113
0.260260629565, 0.0660376178389, 0.173531267561, 0.923862562921, -0.353538740469, -0.13439599551, 0.0585323859982, 1703002777329978942
0.259607807279, 0.065487763651, 0.173439005834, 0.923730129529, -0.353706063972, -0.134643533022, 0.0590405549177, 1703002777330024003
0.259016145599, 0.06499120768, 0.173361038103, 0.923615797601, -0.353849138187, -0.134854342817, 0.0594890918594, 1703002777373888969
0.258352778437, 0.064408316909, 0.173288053048, 0.923494274892, -0.353986354031, -0.135085209909, 0.0600330864214, 1703002777373955011
0.257756997713, 0.0638368751322, 0.173237009332, 0.923388058805, -0.354097637655, -0.135277465501, 0.0605752688066, 1703002777374005079
0.257172635176, 0.0632695627348, 0.173201131649, 0.92328567593, -0.354198052457, -0.135472206796, 0.0611112219163, 1703002777374056100
0.256533914719, 0.0626242831834, 0.173178008078, 0.923168687496, -0.354312465707, -0.135694381042, 0.0617194136764, 1703002777417980909
0.256009479822, 0.0620217219885, 0.173172367603, 0.923075370056, -0.354404521224, -0.135839222912, 0.062265576768, 1703002777418066024
0.255400683645, 0.0613312359676, 0.173169920264, 0.922965743805, -0.354498655934, -0.136042295945, 0.0629081268085, 1703002777418134927
0.254793868883, 0.0606160000845, 0.173175479907, 0.922853697469, -0.35459915638, -0.136233179093, 0.0635689568613, 1703002777418200016
0.254193126219, 0.0598801316512, 0.173174561514, 0.922746173863, -0.354690462452, -0.136403567044, 0.0642513919341, 1703002777461879968
0.253679973821, 0.0592212730873, 0.173172796395, 0.922646939761, -0.354795933418, -0.136530083083, 0.0648228863385, 1703002777461951017
0.253143530308, 0.0584604821465, 0.173163489784, 0.922538882609, -0.354922868738, -0.136624309733, 0.0654642292563, 1703002777462001085
0.252661468691, 0.0577410145553, 0.173150224437, 0.922448610773, -0.355021836761, -0.136680604061, 0.066079258322, 1703002777462045907
0.252171207501, 0.0570216265244, 0.173130928199, 0.9223521513, -0.355134708193, -0.136743472219, 0.0666863616863, 1703002777462090015
0.251623447913, 0.0562538095651, 0.173098417381, 0.92223654552, -0.355277788229, -0.136843699509, 0.0673145541732, 1703002777510062932
0.251111735188, 0.0555769305271, 0.173063481125, 0.922128294307, -0.355414023492, -0.136951762666, 0.0678564326096, 1703002777510149002
0.250600826058, 0.0548998875585, 0.173026864962, 0.922018747539, -0.355555427439, -0.137055733012, 0.0683922017094, 1703002777510216951
0.250104754312, 0.0541898922236, 0.172992776082, 0.921913855045, -0.355689477649, -0.137129619121, 0.0689587335024, 1703002777510279893
0.249640689852, 0.0534889284373, 0.172967012484, 0.921803425668, -0.35584974211, -0.137190510115, 0.0694850300474, 1703002777512348890
0.249203022906, 0.0527318964619, 0.17294318232, 0.921705497222, -0.355978206804, -0.137216518157, 0.0700722471198, 1703002777522682905
0.248750837848, 0.0518607823457, 0.172916337898, 0.921594950191, -0.356130822433, -0.137218862858, 0.0707429768354, 1703002777565819978
0.248321368536, 0.0509490563877, 0.172895300941, 0.921489066593, -0.356271037231, -0.13720038399, 0.0714486025887, 1703002777565917015
0.247972763144, 0.0501069264026, 0.172881206151, 0.921395837593, -0.356410059699, -0.13713192183, 0.0720861694545, 1703002777565967082
0.247640758663, 0.0492856834178, 0.172874042526, 0.921304482146, -0.356549990833, -0.137067279012, 0.0726822966033, 1703002777566011905
0.247298623289, 0.048514767393, 0.172867435269, 0.921202817439, -0.356709857463, -0.137056665257, 0.0732046258043, 1703002777609806060
0.246960251566, 0.0477528384612, 0.172854820581, 0.921097741704, -0.356880463273, -0.137053681806, 0.0736992093964, 1703002777609864950
0.246601807671, 0.0468912650186, 0.172837951718, 0.920976378783, -0.357083458021, -0.137040536464, 0.0742550004824, 1703002777609911918
0.246250424362, 0.0459935389075, 0.172818041949, 0.920860148667, -0.357269296607, -0.137010381764, 0.0748558053029, 1703002777609955072
0.245920872801, 0.0451855007114, 0.17279978525, 0.920748199986, -0.357447361011, -0.137004934165, 0.0753908770584, 1703002777653973102
0.245623316929, 0.0443963014313, 0.172778433238, 0.920641586921, -0.357627847526, -0.136974723736, 0.075890158534, 1703002777654056072
0.245281287922, 0.0435192215463, 0.172748003021, 0.920520845445, -0.357822466457, -0.136957667891, 0.0764660238644, 1703002777654123067
0.245003336279, 0.0427216881697, 0.172713381985, 0.920409105249, -0.358017835997, -0.136915951744, 0.0769696709107, 1703002777654186010
0.244750893107, 0.0418906517538, 0.17267417068, 0.920309537334, -0.3581881954, -0.136833353037, 0.0775126161681, 1703002777697807073
0.244486912313, 0.040937426494, 0.17263358404, 0.920193284175, -0.358386252304, -0.136739051044, 0.0781411916829, 1703002777697871923
0.244268770412, 0.0400402118911, 0.172595140488, 0.920089663428, -0.358557397163, -0.136643113485, 0.0787417534028, 1703002777697918891
0.244054900547, 0.0390397695776, 0.172554582555, 0.91996651029, -0.3587722683, -0.136530539584, 0.0793945288069, 1703002777697963953
0.243871248556, 0.0380633612726, 0.172518170459, 0.919845033474, -0.358987559686, -0.136424743185, 0.0800083484993, 1703002777741836071
0.243678574379, 0.0370665349522, 0.172487063129, 0.919720541428, -0.359192872751, -0.136348041589, 0.0806462484886, 1703002777741966962
0.243522823356, 0.0361296823877, 0.172457300031, 0.919607797412, -0.359375426727, -0.136273266731, 0.081242835858, 1703002777742018938
0.24337672184, 0.0351070172832, 0.172417422768, 0.919472687761, -0.359609101402, -0.136191517309, 0.0818727137957, 1703002777742064952
0.243280467962, 0.0341905489378, 0.172382889705, 0.919349156458, -0.359833981646, -0.136099579798, 0.0824229249113, 1703002777786075115
0.243163894926, 0.0332027805499, 0.172340213797, 0.919206568276, -0.360082834582, -0.13604692069, 0.0830112790387, 1703002777786176919
0.243063883092, 0.0322895760166, 0.172306108729, 0.919079349435, -0.36029741247, -0.136004603899, 0.083556398486, 1703002777786248922
0.242969760577, 0.0312509024411, 0.172269672391, 0.918948486305, -0.360512528776, -0.135921280365, 0.084200959958, 1703002777786317110
0.242889277177, 0.0301929599172, 0.172233446087, 0.918807511498, -0.360758836733, -0.13581902316, 0.0848469886415, 1703002777786366939
0.242810907842, 0.0291216591254, 0.172191752558, 0.918659890141, -0.361023426495, -0.135712918147, 0.0854874003335, 1703002777830001115
0.242736999722, 0.0281715981043, 0.172148198188, 0.918525604136, -0.361265949492, -0.135648155031, 0.0860070132062, 1703002777830097913
0.242683421087, 0.0271288339747, 0.172105095234, 0.918368843656, -0.361571330534, -0.13556287491, 0.0865306124103, 1703002777830178976
0.242621377583, 0.026064765639, 0.172054307138, 0.918212644596, -0.361870151853, -0.135487738962, 0.0870551841761, 1703002777830255985
0.242560967344, 0.02510726706, 0.172002284937, 0.91806999142, -0.362143076277, -0.135434917782, 0.0875058066878, 1703002777838476896
0.242490610361, 0.0240709874349, 0.171940867419, 0.917914675063, -0.362439834963, -0.135383048859, 0.0879854841346, 1703002777849548101
0.242429771645, 0.0231206575992, 0.171885972101, 0.917774483986, -0.362707335657, -0.135337095794, 0.0884152458983, 1703002777889935016
0.242367670369, 0.0221326040578, 0.171825154843, 0.917632949195, -0.362973260774, -0.13526527647, 0.0889015607031, 1703002777890017032
0.242301848919, 0.0210295914417, 0.171757376734, 0.917470836491, -0.36328016071, -0.135176823772, 0.0894539844723, 1703002777890080928
0.24223645861, 0.0200125102152, 0.171692327756, 0.917325197266, -0.363550797962, -0.135095775806, 0.0899690564663, 1703002777937875032
0.24216600306, 0.0188771309304, 0.171625629626, 0.917162999827, -0.36385374516, -0.135001448972, 0.0905377968356, 1703002777937998056
0.242101198405, 0.0177455987245, 0.171561087847, 0.916992567683, -0.364180914581, -0.1349180538, 0.0910714611039, 1703002777938049077
0.242044965141, 0.0166842630402, 0.171506414157, 0.91684876006, -0.364447151789, -0.134823407055, 0.0915929781068, 1703002777938095092
0.241970334126, 0.0155637489711, 0.171438903306, 0.916684731359, -0.364752803291, -0.134752029611, 0.0921215843392, 1703002777938138008
0.241893125662, 0.0144973947787, 0.171371621573, 0.9165167738, -0.365073857658, -0.13469866853, 0.0925977888153, 1703002777981923103
0.241816641273, 0.0134366054193, 0.171306947176, 0.916353561651, -0.365381231505, -0.134642329511, 0.0930814096216, 1703002777981987953
0.241756507033, 0.0124360612554, 0.171255930799, 0.91620062223, -0.365672482156, -0.134567819692, 0.093549759603, 1703002777982036113
0.241699088192, 0.0113909308894, 0.171207896002, 0.91605003139, -0.365954130932, -0.134476622491, 0.0940529215264, 1703002777982080936
0.241640374323, 0.010218408454, 0.1711602957, 0.915883624832, -0.366267617299, -0.134371090051, 0.0946024758715, 1703002777986171960
0.241583248776, 0.00919006805212, 0.171115194695, 0.915719494781, -0.366589373978, -0.134310574701, 0.0950300336148, 1703002777996592044
0.241518672664, 0.0081186969828, 0.171065511727, 0.915537807413, -0.366955361502, -0.13429248404, 0.0953929483417, 1703002778037821054
0.241462912755, 0.00712951647836, 0.171025753792, 0.915396667458, -0.367225366575, -0.134255495668, 0.0957597683449, 1703002778037974119
0.241415690523, 0.00613747703103, 0.170992703288, 0.915251940039, -0.367507175037, -0.134203352782, 0.096134398905, 1703002778038044929
0.241372412455, 0.00508663101388, 0.170963650782, 0.915078362232, -0.367862565639, -0.134149434534, 0.0965020880123, 1703002778081922054
0.241342084796, 0.00414799002597, 0.170945562948, 0.914916932976, -0.368200673128, -0.134099999671, 0.0968114670366, 1703002778081984043
0.241326710485, 0.00311086252822, 0.170937847828, 0.914733834713, -0.368594834327, -0.134031299383, 0.0971363501716, 1703002778082031965
0.241320940404, 0.00212626890357, 0.170940443196, 0.91457508787, -0.368931180079, -0.133939191767, 0.0974806951235, 1703002778082077026
0.241336259548, 0.00101219514368, 0.170960124115, 0.914403002923, -0.369302399407, -0.133806773038, 0.0978704936481, 1703002778082119941
0.241363328811, -0.000111851019081, 0.170989079473, 0.914241307799, -0.369649010756, -0.133652048351, 0.0982831111243, 1703002778126000881
0.241396821947, -0.00121333286242, 0.171024166369, 0.914090064891, -0.369974416713, -0.133493937573, 0.0986795463942, 1703002778126072883
0.241436760969, -0.00219538500704, 0.171064344701, 0.913953278214, -0.370275460556, -0.133348190107, 0.0990138815883, 1703002778126121997
0.24149065782, -0.00327843406854, 0.171116733074, 0.913796906726, -0.370625000914, -0.133175741589, 0.0993808020032, 1703002778126168012
0.241542474868, -0.00435890295016, 0.171171589854, 0.913634708591, -0.370991941038, -0.133020247812, 0.0997106444417, 1703002778134610891
0.241589952262, -0.0053502551405, 0.171219691075, 0.913485462171, -0.371331993793, -0.132890584364, 0.0999847657114, 1703002778144196033
0.241635826583, -0.00643204369542, 0.171270230682, 0.913322620939, -0.371704525925, -0.132771733032, 0.100245710107, 1703002778186041116
0.241676216424, -0.00753311409566, 0.171319309605, 0.913171697796, -0.372041700451, -0.132646954495, 0.100534615596, 1703002778186129093
0.241719608734, -0.00861851563673, 0.171369858005, 0.913025736977, -0.372370598063, -0.13252609311, 0.100801666463, 1703002778186197042
0.241758913172, -0.00968946268498, 0.171420432055, 0.912882622252, -0.372689410202, -0.132399588081, 0.101085461805, 1703002778234194040
0.241791333037, -0.0106552904665, 0.171463917176, 0.912754919795, -0.372972311124, -0.132290659269, 0.101337520173, 1703002778234272003
0.241822184101, -0.0116803022867, 0.171507459138, 0.91259981502, -0.373326299541, -0.132199571083, 0.101549618919, 1703002778234321117
0.241849983519, -0.0127087161072, 0.171551184891, 0.912434116971, -0.373705477673, -0.132112000843, 0.101757640389, 1703002778234364986
0.241875118491, -0.0136442765468, 0.171590653189, 0.912298894159, -0.374009578413, -0.132024190273, 0.101966544288, 1703002778234406948
0.241896142022, -0.0145350317657, 0.171625721464, 0.912171079991, -0.37429757978, -0.131951962811, 0.102146571696, 1703002778278101921
0.241918988964, -0.0155103697398, 0.171667872032, 0.912027549398, -0.374620467142, -0.131860038953, 0.10236300535, 1703002778278198003
0.241941103664, -0.0163703540325, 0.171702785645, 0.911879874018, -0.374961268144, -0.131787913903, 0.102523599734, 1703002778278281927
0.241961751729, -0.0173542632317, 0.171742463739, 0.911714012293, -0.37533897038, -0.131697380061, 0.102732746424, 1703002778278361082
0.241977989755, -0.0183751338542, 0.171781987898, 0.911548309967, -0.37571120475, -0.131605104819, 0.102960505084, 1703002778283689975
0.241992592428, -0.0194485579768, 0.171823287604, 0.911383100476, -0.376078419401, -0.131503785026, 0.103211535941, 1703002778294229030
0.242013800661, -0.0204419174821, 0.171864217336, 0.911253013233, -0.376363689964, -0.131395021218, 0.103458528644, 1703002778337805986
0.242035295109, -0.0215041308649, 0.17190538155, 0.911113182972, -0.376671370672, -0.131281158495, 0.103714530107, 1703002778337865114
0.242061589211, -0.0224524266988, 0.17193933033, 0.910972406092, -0.376989764313, -0.131170491032, 0.10393409077, 1703002778337912082
0.242087480831, -0.0235052702976, 0.171979992602, 0.910818500293, -0.377332657197, -0.131039581637, 0.104203423078, 1703002778337955951
0.242130478628, -0.024527512784, 0.172013302297, 0.91066424858, -0.377691894971, -0.130907643264, 0.104415744823, 1703002778381949901
0.242174866355, -0.0255294339096, 0.172044003057, 0.910515125499, -0.378044764092, -0.130789456736, 0.104587191311, 1703002778382036924
0.242218628227, -0.0265220934025, 0.172074351456, 0.910370566368, -0.378388317393, -0.130676711225, 0.104744022713, 1703002778382111072
0.242265897535, -0.0275045206269, 0.172103392795, 0.910239299024, -0.37869959126, -0.130551479964, 0.104915914763, 1703002778382169961
0.242306710709, -0.0284148019773, 0.172131501114, 0.910123814771, -0.378966724989, -0.130422902136, 0.105112938005, 1703002778426201105
0.242351645258, -0.0293233207716, 0.172159362332, 0.910004472731, -0.3792451706, -0.130290285038, 0.105306228734, 1703002778426295995
0.242397789449, -0.030260026012, 0.172189636272, 0.909893835402, -0.379500447851, -0.130142548313, 0.105525046778, 1703002778426367998
0.242469002034, -0.0312569525061, 0.172213873075, 0.909749733753, -0.379856636549, -0.129987973851, 0.105676318351, 1703002778426418066
0.24253924435, -0.0321155487245, 0.172229781255, 0.909615139064, -0.380203561815, -0.129869453203, 0.105733038802, 1703002778469892978
0.242617890224, -0.0329747428558, 0.172245631475, 0.909489887514, -0.380532594994, -0.129746004021, 0.105778367816, 1703002778469958066
0.242706441273, -0.0339450825404, 0.172263120944, 0.909368083485, -0.380851294057, -0.129587540108, 0.105872801055, 1703002778470020055
0.242780688731, -0.0348868637488, 0.172284203507, 0.909246549932, -0.381165268379, -0.129454707604, 0.105949177895, 1703002778470068931
0.242870056663, -0.0358064534074, 0.172296954025, 0.90913346967, -0.38146631789, -0.129301464572, 0.106023176243, 1703002778514106988
0.242958211433, -0.0366155709849, 0.17230885553, 0.909027712426, -0.381754866092, -0.129161278979, 0.106062265997, 1703002778514203071
0.243051784957, -0.0374751067199, 0.172320217397, 0.908898962451, -0.382106578293, -0.12902820541, 0.10606111959, 1703002778514281988
0.243154557278, -0.03828488863, 0.172329895297, 0.90880389997, -0.382377740705, -0.128875051915, 0.106084663387, 1703002778514410972
0.243290152587, -0.0391956340661, 0.172349840841, 0.90870839198, -0.382657400206, -0.128662832968, 0.106152003396, 1703002778557867050
0.243396566914, -0.0399559250075, 0.172374122774, 0.908630159874, -0.38287896185, -0.128474088306, 0.106251314226, 1703002778557931900
0.243544799297, -0.0411648389034, 0.172415720551, 0.908499103972, -0.383228807158, -0.128174345116, 0.106472516176, 1703002778557985067
0.243681275341, -0.0420964814797, 0.172445205428, 0.908397952995, -0.383510757031, -0.127921481901, 0.106624353245, 1703002778558031082
0.243837824109, -0.0429936701585, 0.172470510424, 0.908286483562, -0.383838589207, -0.127669882364, 0.106695840368, 1703002778601958036
0.244002637015, -0.0439074612342, 0.172492435486, 0.908192843106, -0.384127260536, -0.127410286207, 0.106764349912, 1703002778602025985
0.244173176962, -0.0448287526184, 0.172513042717, 0.908107343289, -0.384402927537, -0.127153524212, 0.106805541272, 1703002778602076053
0.24434672017, -0.0456370995125, 0.172527393857, 0.908032177186, -0.384659644361, -0.126907438657, 0.106813038566, 1703002778602121114
0.244515922356, -0.0464294792569, 0.172542626483, 0.907953442617, -0.384923022273, -0.126663427791, 0.106823167074, 1703002778645931005
0.244717661458, -0.0472301768649, 0.172557619227, 0.907882868364, -0.385177672515, -0.12636908894, 0.106853691037, 1703002778645992040
0.244940191045, -0.048090635854, 0.172575522641, 0.907785354699, -0.385507126044, -0.126044745791, 0.106877161365, 1703002778646039009
0.24517683854, -0.0489483241217, 0.172585000955, 0.907696753528, -0.385821580141, -0.125703796846, 0.106896526557, 1703002778646083116
0.24538832179, -0.0497172272714, 0.17259486697, 0.907630608966, -0.386074346089, -0.12540505601, 0.106896440011, 1703002778646125078
0.245626829823, -0.0505803274384, 0.172602369687, 0.907574322012, -0.386314683528, -0.125065341124, 0.106904049338, 1703002778689966917
0.245856908641, -0.0514346626363, 0.172609310243, 0.907529282869, -0.38652279211, -0.124739808866, 0.106914507897, 1703002778690078020
0.24610292231, -0.0522342531654, 0.172613293902, 0.907484704122, -0.386743559435, -0.12440965843, 0.106879221132, 1703002778690167903
0.246350944711, -0.0529773394928, 0.17261144232, 0.907442806233, -0.386966492336, -0.124091840019, 0.106797483422, 1703002778690232992
0.246654688214, -0.0536945860775, 0.172599757844, 0.907411631801, -0.387192625985, -0.123722728944, 0.106670929485, 1703002778700227975
0.246943675405, -0.0543606934659, 0.17259025281, 0.907386866252, -0.387394014862, -0.123367354487, 0.10656194466, 1703002778710665941
0.247279695294, -0.0551144612157, 0.172575226354, 0.90736857494, -0.387603796486, -0.122955312172, 0.10643099816, 1703002778753789901
0.247630369095, -0.0557882991683, 0.172546744801, 0.907363622392, -0.387792588484, -0.122538964843, 0.106265550263, 1703002778753912925
0.2480082811, -0.0564481748667, 0.172513271089, 0.907357067471, -0.388003484203, -0.122105653413, 0.106050260541, 1703002778753972053
0.248444631761, -0.057145914742, 0.172467908648, 0.907371413517, -0.388195617657, -0.121612374685, 0.105790881874, 1703002778754019021
0.248833915271, -0.057784425977, 0.17242966352, 0.907383596776, -0.388365555653, -0.121165601951, 0.105575093599, 1703002778801873922
0.249218510411, -0.0584014053903, 0.172392250498, 0.907392786211, -0.388541722213, -0.12072361029, 0.105354029592, 1703002778801939010
0.249653525099, -0.0590987907445, 0.172354158211, 0.907407212691, -0.388721627316, -0.120206837279, 0.105156849915, 1703002778801994085
0.250112666361, -0.0598015911321, 0.172308565442, 0.907425981238, -0.388900770202, -0.119654247, 0.104962568021, 1703002778802038908
0.25052518206, -0.0604517289051, 0.172272828506, 0.907439599431, -0.389066662351, -0.119151069558, 0.104802329432, 1703002778849914073
0.250934256968, -0.0610994538043, 0.17223980222, 0.907452763445, -0.389232002485, -0.118649873965, 0.104642905946, 1703002778849977016
0.251429870936, -0.0618184646436, 0.172198430658, 0.907475488719, -0.389412038702, -0.118048048483, 0.104456496865, 1703002778850074052
0.2519663655, -0.0625362762094, 0.172155256846, 0.90751736151, -0.389564013339, -0.117392767528, 0.104264357291, 1703002778850126028
0.252451912742, -0.0631917220148, 0.172120451936, 0.907563929605, -0.389676298435, -0.116792839556, 0.104113057518, 1703002778850171089
0.252983546293, -0.0638625459826, 0.172076647387, 0.907592528321, -0.389856321138, -0.116146959429, 0.103912151457, 1703002778893873929
0.253470554981, -0.0644659743532, 0.172040250161, 0.907604218252, -0.390052916589, -0.115550631417, 0.103736959907, 1703002778893932104
0.254021058388, -0.0650715330705, 0.1719928736, 0.907630427159, -0.390243363312, -0.114881401468, 0.103534480649, 1703002778893979072
0.254642571924, -0.0657431989352, 0.171939776683, 0.907672933396, -0.390426288433, -0.114127556529, 0.103305663548, 1703002778894022941
0.255214680105, -0.0663389884049, 0.171889265042, 0.907709633205, -0.390604254392, -0.113447090719, 0.103059671279, 1703002778898345947
0.255863970845, -0.0669474659754, 0.171824122737, 0.907757372597, -0.390798615005, -0.112695625172, 0.102726292018, 1703002778909276962
0.256461099081, -0.0675074123692, 0.171757804298, 0.907796280087, -0.390988915198, -0.112008736742, 0.102409105774, 1703002778949951887
0.257149686826, -0.068126315057, 0.171687185926, 0.907841939577, -0.391201642976, -0.111213546558, 0.102057994982, 1703002778950047969
0.25784498515, -0.0687500965818, 0.171624837431, 0.907890014011, -0.391403884099, -0.11039341913, 0.101744852368, 1703002778950128078
0.2584550245, -0.0692718002884, 0.171574160179, 0.907918291594, -0.391617962439, -0.109690366008, 0.101428649254, 1703002778993834972
0.259167050761, -0.0698255965058, 0.171505679006, 0.907951099995, -0.391866623588, -0.108867239793, 0.101060741317, 1703002778993907928
0.259879221127, -0.0704094681115, 0.171447035646, 0.907990866215, -0.392085949383, -0.10802063935, 0.10076078921, 1703002778993957042
0.260549591257, -0.0709730229072, 0.171393427749, 0.908008189154, -0.392341247702, -0.107229902803, 0.100455073173, 1703002778994003057
0.261178210718, -0.0715132942161, 0.171338558887, 0.908011098125, -0.392614558519, -0.106488420689, 0.100149240538, 1703002779037875890
0.261843595581, -0.0720765452141, 0.171285745918, 0.908042390496, -0.392827036016, -0.105689922849, 0.0998778105715, 1703002779037941932
0.262545798229, -0.0726435238885, 0.17123895577, 0.908070080652, -0.393061498627, -0.104849814384, 0.0995886707662, 1703002779038011074
0.263198518701, -0.0731626640995, 0.171194302181, 0.908092054117, -0.393287343165, -0.104072945285, 0.0993111726644, 1703002779038070917
0.263843165816, -0.0736550804224, 0.171150526432, 0.908114836039, -0.393508259201, -0.103308496488, 0.0990254970195, 1703002779038124084
0.264485396874, -0.0741111749915, 0.171105070069, 0.908147641542, -0.393705176534, -0.102558706964, 0.0987208527041, 1703002779081865072
0.265209637016, -0.0745807890404, 0.171051359393, 0.908189499787, -0.393917187124, -0.101728176613, 0.0983486667359, 1703002779081929922
0.26593933131, -0.0750170210492, 0.171003964197, 0.90822175219, -0.394155816356, -0.100899470571, 0.0979476294762, 1703002779081979036
0.266680523166, -0.0754233436052, 0.170953183273, 0.908250671621, -0.39440456186, -0.100067665945, 0.0975306173294, 1703002779082022905
0.267325127124, -0.0757759692601, 0.170915682607, 0.908275907039, -0.394621497572, -0.0993444368669, 0.0971567455747, 1703002779090569972
0.268038620249, -0.0761582670577, 0.170873014095, 0.908300899604, -0.394866699745, -0.0985494112567, 0.096735612639, 1703002779101289987
0.268823630577, -0.0765384480972, 0.17082847985, 0.908339728509, -0.395106872063, -0.0976769474581, 0.0962741460382, 1703002779142103910
0.269588630365, -0.0768710738369, 0.170780950863, 0.908381873652, -0.395328345347, -0.0968309119626, 0.0958209031179, 1703002779142205953
0.270467035161, -0.0772277862661, 0.170717822988, 0.908437354217, -0.395561552507, -0.0958552482951, 0.0953121346712, 1703002779142303943
0.271243256202, -0.0775341994694, 0.170665545723, 0.908471405579, -0.395803519526, -0.0950042122652, 0.0948339539825, 1703002779185808897
0.272009395456, -0.0778389780793, 0.170616820361, 0.908504797918, -0.396040067828, -0.0941601994348, 0.0943671217992, 1703002779185868978
0.272852079531, -0.078182141779, 0.170562957805, 0.908546781386, -0.396281503687, -0.0932228789924, 0.0938787020625, 1703002779185940980
0.273703087284, -0.0785077384158, 0.170513276824, 0.90858981895, -0.396518456835, -0.0922749598918, 0.0933969275049, 1703002779185992956
0.27456815026, -0.0788197317578, 0.170465010893, 0.908639485382, -0.396743205302, -0.0913147239432, 0.0929017537115, 1703002779233607053
0.275407645978, -0.0791053048427, 0.17042631126, 0.908679935207, -0.396977872686, -0.0903902942327, 0.0924063777994, 1703002779233692884
0.276133116955, -0.0793498042205, 0.170394979208, 0.90872144444, -0.39716199397, -0.0895919753627, 0.0919835034769, 1703002779233761072
0.276864453446, -0.0795809335115, 0.170364053587, 0.908764774211, -0.397342450413, -0.0887868545214, 0.0915557574231, 1703002779233809947
0.277709169479, -0.0798201909043, 0.170336677663, 0.908823984657, -0.397525469767, -0.0878606779979, 0.0910657293448, 1703002779233853101
0.278559514831, -0.080059868396, 0.170311826733, 0.908884161496, -0.397703484711, -0.0869254799223, 0.0905841055045, 1703002779273924112
0.279307443606, -0.0802514577774, 0.170292918493, 0.90893293936, -0.397868810584, -0.0861098181256, 0.0901466612471, 1703002779273988008
0.280124561451, -0.0804450495186, 0.170277371053, 0.908975140446, -0.398072557722, -0.0852196851755, 0.0896662595294, 1703002779274040937
0.280852486891, -0.0806110777381, 0.170271137683, 0.909011382588, -0.398255117089, -0.0844292445422, 0.0892349186353, 1703002779274086952
0.28165206884, -0.080796483189, 0.170271627763, 0.909055541933, -0.398442880268, -0.0835606419958, 0.0887632353737, 1703002779281311035
0.28240506476, -0.0809500786354, 0.170270951574, 0.909095171182, -0.398621396297, -0.0827448170361, 0.0883190092887, 1703002779291688919
0.283136843352, -0.0810949951179, 0.170279242276, 0.90913802534, -0.39878041842, -0.081950926065, 0.0878992291315, 1703002779333822965
0.283894791759, -0.0812314796163, 0.170288460075, 0.909179863234, -0.398950881898, -0.0811311522356, 0.0874523084818, 1703002779333888053
0.284767433783, -0.0813766635964, 0.170300407579, 0.909230316715, -0.399137856719, -0.0801895363274, 0.0869415939759, 1703002779333937883
0.285588094211, -0.0815119500816, 0.170313498095, 0.909283919256, -0.399294791624, -0.0792996017039, 0.0864754111541, 1703002779333982944
0.286409994614, -0.0816402630701, 0.170324679817, 0.909337933348, -0.399447999038, -0.0784070304404, 0.0860125375487, 1703002779377996921
0.287294897695, -0.0817643864126, 0.170333936486, 0.909392144439, -0.399621646326, -0.0774532536636, 0.0854953853571, 1703002779378082990
0.288114842973, -0.0818788960952, 0.170343109562, 0.90944289675, -0.399779353189, -0.076570162573, 0.0850123315619, 1703002779378151893
0.289004600654, -0.0819990814738, 0.170351726309, 0.909498787382, -0.399944365573, -0.0756073418989, 0.0844984618061, 1703002779378221988
0.28988550458, -0.0821159280172, 0.170361335654, 0.909555372113, -0.400100753067, -0.0746534135414, 0.0839957159785, 1703002779421808958
0.290538671674, -0.0821957754781, 0.170367101501, 0.909599385531, -0.400210496763, -0.0739474202641, 0.0836199447443, 1703002779421870946
0.291635493019, -0.0823234471457, 0.170382784472, 0.909666960202, -0.400406714435, -0.072764753532, 0.0829805711919, 1703002779421925067
0.292456568753, -0.0824189605327, 0.170407316181, 0.909719798611, -0.40054356226, -0.0718793150982, 0.082511252617, 1703002779421987056
0.293220578505, -0.0825019622595, 0.170433014125, 0.909770726204, -0.400662955941, -0.0710535149653, 0.082084221933, 1703002779469835996
0.293998281191, -0.0825821980158, 0.170462846577, 0.909826031, -0.400773651559, -0.0702106839797, 0.0816549654729, 1703002779469901084
0.294843110435, -0.082664320482, 0.170500404833, 0.909887558098, -0.400887134127, -0.0692965651916, 0.0811918922188, 1703002779469960927
0.295596611807, -0.0827365746813, 0.170543061365, 0.909940743937, -0.400989152464, -0.0684785318468, 0.0807851026247, 1703002779470048904
0.296427124591, -0.0828133830532, 0.170593533068, 0.910005083328, -0.401084221776, -0.0675768304321, 0.0803465453369, 1703002779514046907
0.297173185337, -0.0828810972758, 0.170645024057, 0.910059454072, -0.40117556126, -0.0667678140805, 0.0799500975867, 1703002779514136075
0.297999460417, -0.0829518568219, 0.170702246846, 0.910124036882, -0.401262936954, -0.0658688979466, 0.0795209481871, 1703002779514208078
0.298783476158, -0.083017862118, 0.170761173379, 0.910186190602, -0.401339661673, -0.0650131138264, 0.0791256559893, 1703002779514276027
0.299540179694, -0.0830807972465, 0.170830183011, 0.910246913529, -0.401410877583, -0.0641902482887, 0.0787367499551, 1703002779514339923
0.300357316045, -0.0831506448519, 0.170904659036, 0.910308732382, -0.401492754936, -0.0632998054356, 0.0783244158286, 1703002779557873964
0.301174895857, -0.0832110701587, 0.170968733571, 0.91037757889, -0.401555458882, -0.0624049827323, 0.0779198012469, 1703002779557955980
0.302130374849, -0.0832791607115, 0.171036447472, 0.910458749827, -0.401624209417, -0.061357136448, 0.0774477958484, 1703002779558022022
0.302997264398, -0.0833394649702, 0.171094976638, 0.910535804972, -0.401675420005, -0.0604049445134, 0.077023681457, 1703002779558085918
0.303817703397, -0.0833950587611, 0.171146690656, 0.910605641852, -0.401728727847, -0.0595026336646, 0.0766213471307, 1703002779563622951
0.304700915857, -0.0834531122937, 0.171200308237, 0.910682064315, -0.401780311825, -0.0585309603959, 0.0761897987884, 1703002779574439048
0.305563445418, -0.0835077886663, 0.171251734185, 0.91075698036, -0.401827415395, -0.0575807988887, 0.0757687439627, 1703002779617777109
0.306429308058, -0.0835630149084, 0.171297107333, 0.910832184392, -0.401872119107, -0.0566249117606, 0.0753468720488, 1703002779617839097
0.307317169532, -0.0836161440561, 0.17134217136, 0.910909793175, -0.40191362923, -0.0556443120883, 0.0749165794046, 1703002779617887020
0.3081884834, -0.08366519006, 0.171389916965, 0.910986547283, -0.401950038093, -0.0546809158265, 0.0744961407824, 1703002779661997079
0.308960125778, -0.083711975718, 0.171439666433, 0.911052463706, -0.401984275398, -0.053826387432, 0.0741267207107, 1703002779662062883
0.309728093004, -0.083753591724, 0.171482850873, 0.911121531133, -0.402007619159, -0.0529776045016, 0.0737617995049, 1703002779662111997
0.310624456415, -0.0838030189473, 0.17153999516, 0.911200236476, -0.402036444716, -0.051982909265, 0.0733389617531, 1703002779662158012
0.311517782994, -0.083848461788, 0.171600631911, 0.911279139322, -0.402060652624, -0.050992507517, 0.0729199974336, 1703002779662201881
0.312293163449, -0.083886126815, 0.171660881123, 0.911350609175, -0.402071794056, -0.050131845098, 0.0725612685048, 1703002779705929040
0.313126980063, -0.0839244478774, 0.171722366228, 0.91142544202, -0.402085178554, -0.0492054335358, 0.0721803168192, 1703002779706007003
0.313880684389, -0.0839581203127, 0.171784765854, 0.911494199284, -0.402092625041, -0.0483681456928, 0.0718357017246, 1703002779706077098
0.314768169516, -0.0839970341341, 0.171862078439, 0.911575128934, -0.402097929186, -0.0473810900078, 0.0714357890911, 1703002779706142902
0.315588481325, -0.0840263455243, 0.171931780964, 0.911654119057, -0.402090245078, -0.0464672325733, 0.0710703758003, 1703002779714672088
0.316409409784, -0.0840546419579, 0.172010357203, 0.911732796236, -0.402079283619, -0.0455508953077, 0.0707154430726, 1703002779725698947
0.317236457911, -0.084081170171, 0.172086690957, 0.91181169154, -0.40206730133, -0.0446283864859, 0.0703536174685, 1703002779765806913
0.318021789325, -0.0841008578458, 0.172154484891, 0.911888864813, -0.402048397612, -0.043752016076, 0.0700110369636, 1703002779765867948
0.318823169989, -0.0841250344645, 0.172220974666, 0.911966265189, -0.402030195848, -0.0428538538469, 0.0696620412758, 1703002779765916109
0.319695316193, -0.0841469350939, 0.172295829845, 0.912050717482, -0.402006968321, -0.0418802764638, 0.0692815170488, 1703002779809864997
0.320548702063, -0.0841724891649, 0.172366541818, 0.91213146359, -0.401986421816, -0.0409248990874, 0.0689076370201, 1703002779809961080
0.321428423811, -0.0841949994036, 0.172436221457, 0.912213097714, -0.401966253516, -0.0399408944317, 0.0685209482216, 1703002779810010910
0.322294541472, -0.0842205516082, 0.172519516055, 0.912293285238, -0.401943575217, -0.0389707976538, 0.0681439724546, 1703002779810056924
0.323074511934, -0.0842381564577, 0.172592177913, 0.912362401128, -0.401928644224, -0.0380982888784, 0.0677992208226, 1703002779853871107
0.323876274581, -0.0842587263484, 0.172664456095, 0.912435462709, -0.401906257249, -0.0372013924113, 0.0674458536705, 1703002779853975057
0.324735641758, -0.0842782476993, 0.172748720151, 0.912510470183, -0.401887427832, -0.0362411710592, 0.0670650033696, 1703002779854026079
0.325564212361, -0.0842937759537, 0.172834420338, 0.912583936082, -0.401864095227, -0.0353157838559, 0.0666978559079, 1703002779854069948
0.326404811026, -0.0843018546217, 0.172912854996, 0.912656577274, -0.401843808242, -0.0343794171321, 0.0663142625181, 1703002779854111909
0.327237070204, -0.0843032024678, 0.172996674817, 0.912726411761, -0.401826386169, -0.0334550792725, 0.0659303444813, 1703002779897847890
0.328040449836, -0.084311324836, 0.173083545771, 0.912793330442, -0.401807849199, -0.032561531437, 0.0655632129505, 1703002779897908926
0.328838242854, -0.0843174623731, 0.173164444639, 0.91285890753, -0.401789726783, -0.0316738690251, 0.0651950643526, 1703002779897957086
0.329638944633, -0.0843255948747, 0.17324509648, 0.912921952739, -0.401775668133, -0.0307818860072, 0.0648251201056, 1703002779898000955
0.330430679091, -0.0843067819729, 0.173329279805, 0.912982463727, -0.401766450781, -0.0299130297858, 0.0644356314663, 1703002779909780025
0.331184439154, -0.0842861696595, 0.173405196284, 0.913037903781, -0.401761840914, -0.0290869584609, 0.0640558997359, 1703002779918346881
0.331922972658, -0.0842519830374, 0.173487143819, 0.913093999768, -0.401752662481, -0.0282813892803, 0.0636734544156, 1703002779961970090
0.332705980357, -0.0841992253584, 0.173575913743, 0.913149249142, -0.401752515172, -0.0274371429481, 0.0632500476694, 1703002779962069988
0.333511745565, -0.0841390912299, 0.173657204993, 0.91320493361, -0.401753855745, -0.0265698420708, 0.0628063063392, 1703002779962148904
0.334301791224, -0.0840780194611, 0.173733502664, 0.913257353512, -0.401758482483, -0.0257183212028, 0.0623674270989, 1703002779962224960
0.335101517499, -0.0840292140921, 0.173821230843, 0.913314134103, -0.401749413699, -0.0248543891812, 0.0619432028423, 1703002780005896091
0.335986513714, -0.0839780839164, 0.173931323846, 0.913373101371, -0.401745637318, -0.0238941548257, 0.0614743031962, 1703002780005970001
0.336830626992, -0.0839121921545, 0.174031768874, 0.913431312485, -0.401736080717, -0.0229826369174, 0.061017679594, 1703002780006036043
0.337585234144, -0.0838390396166, 0.1741189609, 0.913479270843, -0.401737241112, -0.0221747742775, 0.060589522435, 1703002780006102085
0.338400789583, -0.0837277776027, 0.174208524049, 0.913525395819, -0.401754520321, -0.0213210841936, 0.0600838411191, 1703002780049866914
0.33923027179, -0.0836005269625, 0.174298366781, 0.913579366316, -0.401753971886, -0.0204534913248, 0.0595662841607, 1703002780049932003
0.340083430126, -0.0834845540918, 0.174396720121, 0.913638926176, -0.40173726311, -0.0195512778739, 0.059066331674, 1703002780049979925
0.340890785697, -0.0833571157805, 0.174501538669, 0.913691620873, -0.40172966544, -0.0187062149438, 0.0585745283751, 1703002780050024986
0.341660981917, -0.0832148615829, 0.174604983914, 0.913744218744, -0.401716009495, -0.0179052909338, 0.0580960496502, 1703002780094022989
0.342463778113, -0.0830661543578, 0.174694236111, 0.913799268843, -0.401699724845, -0.0170676675555, 0.0575927256226, 1703002780094104051
0.343215536897, -0.0829203546181, 0.174778417307, 0.913847790582, -0.401689745185, -0.016289654415, 0.0571157720773, 1703002780094170093
0.344035948273, -0.0827716401419, 0.174882569032, 0.913903368742, -0.401667882757, -0.0154332051614, 0.0566159053815, 1703002780094233036
0.344740407359, -0.0826328355074, 0.174982456104, 0.91395338822, -0.401641576049, -0.0146985695675, 0.0561889722499, 1703002780137923002
0.345409902866, -0.0824671473623, 0.175070827175, 0.914004556634, -0.401609705109, -0.0140106009513, 0.0557585713278, 1703002780137980937
0.346095406435, -0.0822934383958, 0.175157962568, 0.914052028579, -0.401588228775, -0.0133087760512, 0.0553051538223, 1703002780138029098
0.346835725477, -0.0820869406787, 0.175250960834, 0.91410537118, -0.401559762926, -0.0125619124093, 0.054802605189, 1703002780138072013
0.347525998017, -0.0818883861425, 0.175335995232, 0.914151989877, -0.40153930451, -0.0118635964756, 0.0543284586212, 1703002780185900926
0.348285686072, -0.0816583493028, 0.175434064521, 0.914208425974, -0.401502579868, -0.0110968520822, 0.053809777104, 1703002780185961008
0.348935086326, -0.0814224466761, 0.175526767359, 0.914256267352, -0.401473559923, -0.0104552064858, 0.0533399188857, 1703002780186007976
0.349566176635, -0.081184557267, 0.175621080144, 0.914303665901, -0.401442417754, -0.00983604696562, 0.0528776316303, 1703002780186050891
0.350314370337, -0.0809215945812, 0.175716049543, 0.914358284904, -0.401405336391, -0.00908907132566, 0.0523456925276, 1703002780186093091
0.351020962538, -0.0806782941657, 0.175806519398, 0.914407389926, -0.401373518603, -0.00838386244873, 0.051847224258, 1703002780233809947
0.351800130952, -0.0804031970915, 0.175914260678, 0.914465091286, -0.401327360306, -0.00760565082128, 0.0513040033942, 1703002780233872890
0.352549818378, -0.0801008166945, 0.176027961585, 0.914519776726, -0.401286023089, -0.00687099826882, 0.0507532760894, 1703002780233922004
0.35327329644, -0.0797834591701, 0.176134900498, 0.914574324522, -0.401241982664, -0.00616775980935, 0.0502059260552, 1703002780233966112
0.353939009036, -0.0794899032604, 0.176229548881, 0.914628010629, -0.401191079631, -0.00551699956731, 0.049707972336, 1703002780235431909
0.354609133434, -0.0791661386295, 0.176323377985, 0.91467621451, -0.401154848215, -0.00487914987542, 0.0491772738219, 1703002780245237112
0.355309914307, -0.0788024410047, 0.176422405529, 0.91473381562, -0.401099331208, -0.0042155977623, 0.0486168880152, 1703002780285809993
0.355976775, -0.0784457237031, 0.176516401059, 0.91478719494, -0.401048431957, -0.00358366420147, 0.0480801471341, 1703002780285883903
0.356632258404, -0.0780611902782, 0.176614759947, 0.914837314173, -0.401005689245, -0.00297704764359, 0.0475211845145, 1703002780285933971
0.35734136457, -0.0776057273731, 0.176725788452, 0.91489111384, -0.400962273209, -0.00233990002457, 0.0468831542086, 1703002780329827070
0.357934465245, -0.0771773644768, 0.176815243761, 0.914937807026, -0.400924326884, -0.00182013118324, 0.0463160934202, 1703002780329885005
0.358573523004, -0.0766521098887, 0.17689723374, 0.914988158755, -0.400887065103, -0.00128319553688, 0.04565724237, 1703002780329931974
0.359215622266, -0.0761211117165, 0.17698138599, 0.91503975401, -0.400845506595, -0.000743985882619, 0.0449952765076, 1703002780329976081
0.359880548672, -0.0755838525468, 0.177077531278, 0.915092271782, -0.400801348771, -0.000181442799943, 0.0443213270009, 1703002780373897075
0.360544279064, -0.0750305043198, 0.177172440142, 0.915144150238, -0.400758488047, 0.000371728932432, 0.0436311856469, 1703002780373960971
0.361184431495, -0.074499220237, 0.177273120063, 0.915210431781, -0.40067372284, 0.000918289651693, 0.0430068614185, 1703002780374008893
0.361749520087, -0.0740189929002, 0.177362284472, 0.915271057066, -0.400592144525, 0.00140296661201, 0.0424600697828, 1703002780374053001
0.362463253827, -0.0734079017407, 0.177471724299, 0.91535089745, -0.400479904713, 0.00201108196817, 0.0417676430809, 1703002780418340921
0.363009975604, -0.07292252232, 0.177550425578, 0.915405346041, -0.400410508834, 0.00246871257661, 0.04121143425, 1703002780418456077
0.363591811205, -0.0723560053902, 0.17763426903, 0.915469584185, -0.400323179175, 0.00294064089492, 0.0405973555601, 1703002780418534040
0.364117421036, -0.0718322316787, 0.177717675055, 0.915527407369, -0.400244615001, 0.00336712868935, 0.040030950076, 1703002780418606042
0.364715195817, -0.0712647559266, 0.177816734263, 0.915593981554, -0.400148695072, 0.00386186922559, 0.0394178733605, 1703002780418745994
0.365297826634, -0.0706543047416, 0.177907082105, 0.915654129058, -0.400070417559, 0.00431799029614, 0.0387625062715, 1703002780461908102
0.365796265032, -0.0700767926801, 0.177984415713, 0.915713469629, -0.399986965026, 0.00469271933218, 0.0381739143372, 1703002780462033033
0.366342941341, -0.0694196767256, 0.178060918684, 0.91577577044, -0.399902104451, 0.00509845574512, 0.0375106768648, 1703002780462112903
0.36690119177, -0.0687460129556, 0.178142981278, 0.915836386065, -0.399821294776, 0.00551053083171, 0.0368277104016, 1703002780462192058
0.367471650443, -0.06811069947, 0.178230701281, 0.915893084027, -0.399746645188, 0.00594421556445, 0.0361544547, 1703002780470467090
0.368108951521, -0.0673630266833, 0.178328510291, 0.915947810361, -0.399685189679, 0.00641201561321, 0.0353587881863, 1703002780481298923
0.368738737905, -0.066582567934, 0.178431380137, 0.915997315671, -0.39963630242, 0.00686024911765, 0.0345352060142, 1703002780521800994
0.369316459659, -0.0658845742969, 0.17852781568, 0.916048257148, -0.399574172837, 0.0072825260243, 0.0338088123491, 1703002780521862030
0.369861536253, -0.0651896018708, 0.178618600893, 0.916101836994, -0.399501509068, 0.00767716703285, 0.0331214374085, 1703002780521909952
0.370384549127, -0.0644953414721, 0.178703112332, 0.916163264915, -0.3994069473, 0.00805414655478, 0.0324668013921, 1703002780569859027
0.370943856016, -0.0637176993561, 0.178794223185, 0.916229805069, -0.399304296459, 0.00844550478764, 0.0317442369925, 1703002780569921016
0.371495918881, -0.0629156485094, 0.178885231651, 0.916296759133, -0.399199708123, 0.00882623124973, 0.0310151556294, 1703002780569967985
0.372003569271, -0.0621889548352, 0.178972882675, 0.91635970168, -0.399097678029, 0.00918013440687, 0.0303589469658, 1703002780570013046
0.372488602629, -0.061472180394, 0.179063046772, 0.916426195075, -0.398984709199, 0.0095145877252, 0.0297271496527, 1703002780570055007
0.373039365165, -0.0606782064027, 0.179160311508, 0.916496941451, -0.398864245449, 0.00990611197497, 0.0290265216522, 1703002780613986968
0.373534128363, -0.0599556213335, 0.17924637392, 0.91656593532, -0.398742156318, 0.0102566037899, 0.0283968495342, 1703002780614070892
0.374064826282, -0.0591484251547, 0.179344502789, 0.916639099029, -0.398612950952, 0.0106222978687, 0.0277063937035, 1703002780614139080
0.374578950246, -0.058309678594, 0.179432812939, 0.916703463563, -0.398505912577, 0.010952334651, 0.0269785822165, 1703002780614201068
0.375020322192, -0.0575181222996, 0.179511069944, 0.916760723712, -0.398412132365, 0.0112129897837, 0.0263024162946, 1703002780617218017
0.375438437679, -0.0567333846841, 0.179586186698, 0.916823521923, -0.398302898298, 0.0114543126986, 0.0256559852116, 1703002780627599954
0.375876891737, -0.0558839497152, 0.179666194129, 0.916894701985, -0.398174816305, 0.0117037255661, 0.0249788698775, 1703002780670010089
0.376267174154, -0.0551008146927, 0.179731634704, 0.916967303486, -0.398038211698, 0.0119267573821, 0.0243782448771, 1703002780670090913
0.376693397423, -0.0542254014755, 0.179808567205, 0.91705009857, -0.39787962719, 0.0121681424949, 0.0237245714128, 1703002780670156002
0.377084620285, -0.053415848405, 0.179883557398, 0.917132447458, -0.397717016985, 0.0123975660754, 0.0231419224718, 1703002780670217037
0.377517139375, -0.0525399302809, 0.179967161511, 0.91723139707, -0.397515053318, 0.0126655756963, 0.0225372981206, 1703002780717986106
0.377906206838, -0.0517388951829, 0.180047220856, 0.917322635518, -0.397327032716, 0.012907321401, 0.0219957380879, 1703002780718046903
0.378335137987, -0.0508299535515, 0.180129814649, 0.917412442427, -0.397145593351, 0.0131620623334, 0.0213669903603, 1703002780718094110
0.378711022099, -0.0499549891445, 0.180200479493, 0.91749424818, -0.396982292345, 0.0133587860188, 0.0207582984946, 1703002780718137979
0.379077574156, -0.0489599224531, 0.180268404921, 0.917585159744, -0.396802732186, 0.0135041204211, 0.0200675130215, 1703002780765860080
0.379499660311, -0.0477371692819, 0.180342446977, 0.91767986312, -0.396622460118, 0.0136390308975, 0.0191903567187, 1703002780765921115
0.379850194023, -0.0467010652173, 0.18040391349, 0.91776681004, -0.396451635819, 0.0137520342927, 0.0184679289306, 1703002780765968084
0.380152452385, -0.0457745990788, 0.180460354214, 0.917846757348, -0.396292092137, 0.0138444521139, 0.0178392511182, 1703002780766017913
0.38044693184, -0.0448676173428, 0.18051557188, 0.917936782329, -0.396105626749, 0.0139476989109, 0.017258557289, 1703002780814039945
0.380712820532, -0.0440558348682, 0.180569126638, 0.918024576531, -0.395919889134, 0.0140505523321, 0.0167600790938, 1703002780814121007
0.381064121165, -0.0429409757058, 0.180637361042, 0.918138090044, -0.395680604551, 0.0141756143774, 0.0160735419387, 1703002780814186096
0.381355218188, -0.0419402148391, 0.180697881873, 0.918242224153, -0.395459017114, 0.0142656614258, 0.0154878813781, 1703002780814248085
0.381626762715, -0.0409675552871, 0.180750772462, 0.918329305775, -0.395275246766, 0.014346501774, 0.0149312871235, 1703002780814307928
0.381891853987, -0.0400690356329, 0.180797505283, 0.918406064556, -0.395112858947, 0.0144406719348, 0.0144082016558, 1703002780857995986
0.382160726379, -0.0390593610663, 0.180853004638, 0.918491246377, -0.394934013838, 0.0145012951478, 0.0138082396149, 1703002780858078002
0.382420509326, -0.0380189880483, 0.180904074286, 0.918570097497, -0.39477206032, 0.0145263966416, 0.013152192778, 1703002780858144044
0.382656275385, -0.0370577279249, 0.180947686976, 0.918652441009, -0.394599289937, 0.0145492324466, 0.0125464275444, 1703002780858206033
0.382896317944, -0.0361061115948, 0.180990637883, 0.918742663835, -0.394405984544, 0.0145846859748, 0.0119634418295, 1703002780861377000
0.383135386481, -0.035194833931, 0.181043170603, 0.918844284269, -0.394182062824, 0.0146481449436, 0.0114505224128, 1703002780871704101
0.383378463352, -0.0341987707948, 0.181098872184, 0.918962776555, -0.39391768409, 0.014715149286, 0.0109424791425, 1703002780918015956
0.383618873045, -0.0331753538279, 0.181147806007, 0.919074828224, -0.393667776599, 0.0147778610214, 0.0104286440539, 1703002780918108940
0.383829479387, -0.032241380183, 0.181190784103, 0.919174380372, -0.393445465694, 0.0148256912373, 0.00996608612509, 1703002780918179035
0.384014135145, -0.031299317745, 0.181230369943, 0.919270832986, -0.393230493831, 0.0148446625079, 0.0095157941501, 1703002780918227910
0.384195596849, -0.0302592893031, 0.181270108121, 0.919374738998, -0.392999153338, 0.0148425152594, 0.00902521511909, 1703002780962909936
0.384378566197, -0.0292995292018, 0.181303896255, 0.919470495632, -0.392785517581, 0.01485049686, 0.00854444756653, 1703002780963004112
0.384553965104, -0.0282366968308, 0.181342916563, 0.919573432261, -0.392556483928, 0.014824930181, 0.00802066402296, 1703002780963083028
0.38469641396, -0.0272274213663, 0.181371247087, 0.919663492274, -0.392357877659, 0.0147657273933, 0.00750533893748, 1703002780963155031
0.384845791871, -0.0262086351805, 0.181395944607, 0.919761812142, -0.392138887331, 0.0147136465551, 0.00698645637755, 1703002781005975961
0.385007998106, -0.0251106070747, 0.181430395735, 0.919884658394, -0.391860714783, 0.014680010321, 0.00647246144218, 1703002781006058931
0.385143240822, -0.0241509359129, 0.18146331277, 0.920007388713, -0.391579663645, 0.0146597362615, 0.00607156206426, 1703002781006124019
0.38527308656, -0.0232028664076, 0.181493290683, 0.920105392008, -0.391357107998, 0.0146240195314, 0.00564089261643, 1703002781006186008
0.385386518512, -0.0222437169238, 0.181512017439, 0.920200461826, -0.391141753478, 0.0145650392626, 0.00520560984866, 1703002781054037094
0.385495589532, -0.0212284501921, 0.181533895963, 0.920317134219, -0.390874876, 0.0145037965983, 0.00477950411964, 1703002781054105043
0.385598223521, -0.0202299111163, 0.181556253919, 0.920414729451, -0.390652720735, 0.0144330584551, 0.00434331861233, 1703002781054153919
0.385719739378, -0.0192310143917, 0.181581667071, 0.92051098153, -0.390432529342, 0.0143807220078, 0.00389457946518, 1703002781054258108
0.385811525738, -0.0183283556269, 0.181605046889, 0.920621590608, -0.390176942062, 0.0143300556898, 0.00353416100701, 1703002781054316997
0.385887208006, -0.0174160306717, 0.181618994776, 0.920729346631, -0.38992798482, 0.0142647926609, 0.00318631391407, 1703002781097852945
0.385964491195, -0.01636591859, 0.181631472552, 0.920839212322, -0.38967519014, 0.0141685274753, 0.00276479076846, 1703002781097914934
0.386033071154, -0.0152982453969, 0.181646870594, 0.920944307692, -0.389433609838, 0.0140571950421, 0.00233257926256, 1703002781097961902
0.386101765732, -0.0142393502041, 0.181660960793, 0.921051865196, -0.389184928689, 0.013958621442, 0.00192608098721, 1703002781098006010
0.386154196229, -0.0133152128683, 0.181673661722, 0.921157323184, -0.388939576289, 0.0138785283892, 0.00160573649859, 1703002781102349996
0.386208053703, -0.0123198535099, 0.181683131917, 0.921248468433, -0.388728407956, 0.0137816929315, 0.0012446672494, 1703002781113118886
0.386251147428, -0.0114110381765, 0.181693866619, 0.921347260678, -0.388498084683, 0.0136963698428, 0.000934287075868, 1703002781154205083
0.38627961509, -0.0105134665088, 0.181696614819, 0.921457637419, -0.388240049341, 0.0136034856095, 0.000657045931461, 1703002781154382944
0.386303843515, -0.00953178526387, 0.181698884165, 0.921580028112, -0.387953359693, 0.0135020707236, 0.00036955912716, 1703002781154458999
0.386331420757, -0.00852803001281, 0.181705673176, 0.921701733668, -0.387667751956, 0.0134023688176, 6.89657913353e-05, 1703002781197863101
0.38635425245, -0.00760797669187, 0.181707701884, 0.921799118123, -0.387439689485, 0.0132972857704, -0.000234584858591, 1703002781197930097
0.386384272409, -0.00658897473792, 0.181714052213, 0.921906608699, -0.387187545639, 0.0131779196991, -0.000593104068106, 1703002781197983980
0.386400830858, -0.00565177166861, 0.181716285315, 0.922003076347, -0.386961508938, 0.0130468287551, -0.000947663821711, 1703002781198050022
0.38641683236, -0.0047022816664, 0.181718843655, 0.922098189727, -0.386738674314, 0.0128962943983, -0.00134606211178, 1703002781198100090
0.386423414124, -0.00366890335206, 0.181716158206, 0.922219414397, -0.386453446682, 0.0127279299813, -0.00175643262971, 1703002781246035099
0.386431043706, -0.00265094737297, 0.181715542169, 0.922343061701, -0.386161455776, 0.0125681525681, -0.00215595581305, 1703002781246123075
0.386431122677, -0.00173929958451, 0.1817117156, 0.922472286894, -0.385854979668, 0.0124403967061, -0.00245989976327, 1703002781246191024
0.386432463072, -0.000725843201651, 0.181711017831, 0.922603909641, -0.38554225948, 0.0123049526076, -0.00278930308809, 1703002781246253013
0.386429470605, 0.000315395708058, 0.181706000705, 0.922722731173, -0.385259911884, 0.0121494755177, -0.0031546659809, 1703002781250488996
0.386428786533, 0.00124920838479, 0.181704730875, 0.922843020557, -0.38497300573, 0.0120239245288, -0.00345969763818, 1703002781260442972
0.386425576067, 0.00223235429824, 0.181703920085, 0.922983638432, -0.384636740411, 0.0119101461648, -0.00373222874462, 1703002781302047967
0.386417636281, 0.00309914354987, 0.181698161949, 0.923091610659, -0.384378392121, 0.0118025796226, -0.00397858204411, 1703002781302145004
0.386408770845, 0.00406584096385, 0.181693217151, 0.923211645967, -0.38409075448, 0.0116774471274, -0.00426454016332, 1703002781302218914
0.386393949797, 0.00504675454486, 0.181683260964, 0.923332990243, -0.383799679035, 0.0115339189604, -0.00457866962251, 1703002781345985889
0.386382887715, 0.00597336374787, 0.181677930355, 0.923444074418, -0.383532538053, 0.0113940026823, -0.00490003873793, 1703002781346065044
0.386365931542, 0.00701781726974, 0.181669998292, 0.923572658826, -0.383222739269, 0.0112307187045, -0.00526753575954, 1703002781346116065
0.386353898932, 0.00804155608844, 0.18166932778, 0.923700392331, -0.382914074044, 0.0110777220895, -0.00562860380643, 1703002781346163034
0.386337729048, 0.00893897584568, 0.181661500336, 0.923802496194, -0.382666982507, 0.0109335829845, -0.00594855340532, 1703002781346249103
0.386316232539, 0.00987994751733, 0.181652810686, 0.923913556451, -0.382397838352, 0.0107926728416, -0.00625712733292, 1703002781389827013
0.386295947361, 0.0107152377615, 0.181642646515, 0.924016892984, -0.382147096181, 0.0106687293197, -0.00652354003671, 1703002781389914035
0.386271366361, 0.0117880912428, 0.181634353066, 0.924152787081, -0.381816537175, 0.0105050477494, -0.00688491411861, 1703002781389981985
0.386251141342, 0.0125998350006, 0.181627852172, 0.924260693559, -0.381553667011, 0.0103819667457, -0.00715432030294, 1703002781390028953
0.38622931463, 0.0134963075349, 0.18162095773, 0.924386636534, -0.381246524303, 0.0102561493553, -0.00743271847593, 1703002781400484085
0.386197349906, 0.0144157912644, 0.181608793161, 0.924510988251, -0.380942916421, 0.0101177016423, -0.00771745717826, 1703002781411274909
0.386167947357, 0.0152634317472, 0.181596990697, 0.924622049647, -0.38067120422, 0.00998625588849, -0.00798587993823, 1703002781454154968
0.386134382701, 0.0162096317167, 0.181584059606, 0.924744589228, -0.380370600468, 0.00983281468661, -0.00830462212274, 1703002781454246044
0.386103266952, 0.0171011504182, 0.181574994737, 0.924850692967, -0.380109300373, 0.00968352885437, -0.0086223405748, 1703002781454302072
0.386065566402, 0.0180128153475, 0.181559963657, 0.924949844668, -0.379864095331, 0.00950626063033, -0.00898247936694, 1703002781454348087
0.386026007803, 0.0189997178605, 0.18154737534, 0.925062721331, -0.379584186711, 0.00931553425497, -0.00938230371647, 1703002781498037099
0.385985967538, 0.0198695023175, 0.181530961163, 0.925164049965, -0.379332828019, 0.00914612009923, -0.00971775315903, 1703002781498133897
0.38594429118, 0.0207831343188, 0.18151703281, 0.925290165674, -0.379020764005, 0.00899403538113, -0.0100238259934, 1703002781498203039
0.385902133623, 0.0215952382074, 0.181499903979, 0.925397354329, -0.378755321536, 0.00886136673248, -0.0102771196332, 1703002781498266935
0.385848321017, 0.0224981137183, 0.181476553484, 0.925506893117, -0.378483481117, 0.00870607223948, -0.0105569702141, 1703002781545831918
0.385796196238, 0.0233198307139, 0.181454336525, 0.925605920741, -0.378237304456, 0.00856181389757, -0.0108127863746, 1703002781545892953
0.385741497371, 0.0241904992928, 0.181431906512, 0.925714740299, -0.377966670992, 0.00841518586864, -0.0110724821071, 1703002781545942068
0.385673644367, 0.0250440632029, 0.181398914505, 0.925819011463, -0.377707318782, 0.00825536159463, -0.011322029723, 1703002781545985937
0.385616690931, 0.025820104849, 0.181373266021, 0.925914966382, -0.377467850292, 0.00811408485435, -0.0115610835375, 1703002781589826107
0.385541496157, 0.0266576018673, 0.18133556769, 0.926021036393, -0.377203280122, 0.00794574133368, -0.0118148557838, 1703002781589888095
0.38546448103, 0.0274891005333, 0.181300456593, 0.926127078653, -0.376938291909, 0.00777480184591, -0.0120710701216, 1703002781589936971
0.385394156887, 0.0282565333637, 0.18126310851, 0.926216405714, -0.376713787277, 0.00761006812184, -0.0123279814045, 1703002781589982032
0.385299358111, 0.0291470610089, 0.181213379981, 0.926312901019, -0.376470125344, 0.00739302046949, -0.0126490069912, 1703002781634066104
0.385203644441, 0.0299634329371, 0.181164908835, 0.926414835588, -0.376214067181, 0.0071988034729, -0.0129114401287, 1703002781634150028
0.385103291584, 0.0307687074342, 0.181116742648, 0.926518041329, -0.375955069127, 0.0070089225748, -0.013152189677, 1703002781634217023
0.38498158395, 0.0316408098793, 0.181053619555, 0.926637037672, -0.37565740286, 0.00679655988408, -0.0133836790738, 1703002781634278059
0.384866616364, 0.0324138135112, 0.180993280747, 0.926740091104, -0.375399756014, 0.00660953341399, -0.0135698486953, 1703002781634336948
0.384734567991, 0.0332716226233, 0.180928063999, 0.926846874551, -0.375131951112, 0.00640102996812, -0.0137810451661, 1703002781677998065
0.384584306475, 0.0341237812681, 0.180850380031, 0.926956361134, -0.374857580924, 0.00616528730084, -0.0139888458949, 1703002781678081989
0.384420461181, 0.0349433172529, 0.180768176562, 0.927070223524, -0.374573287995, 0.00593069341387, -0.0141590766369, 1703002781678149938
0.384266357092, 0.0357438470572, 0.180681678533, 0.92718089764, -0.374296610518, 0.00571454158238, -0.0143169277269, 1703002781678262948
0.384116191927, 0.0364864616758, 0.180599022386, 0.927273518907, -0.374063992411, 0.00549845084346, -0.0144816350345, 1703002781685661077
0.38395174306, 0.0373103396728, 0.18050204885, 0.927380936741, -0.373793890494, 0.0052654974441, -0.0146628829436, 1703002781696425914
0.383800211845, 0.0380788876221, 0.180410069128, 0.927482451613, -0.373538009658, 0.00504796544812, -0.0148383063812, 1703002781741980075
0.383631088017, 0.0388703892924, 0.180311958815, 0.927571626242, -0.373311550393, 0.00479457893045, -0.0150458149154, 1703002781742041110
0.383434008229, 0.0397494712192, 0.180195891756, 0.927661288704, -0.373081709965, 0.00448398263912, -0.0153122509781, 1703002781742088079
0.383229450385, 0.0406418734056, 0.18007581348, 0.927748612782, -0.372856277181, 0.00415771800927, -0.0156019687293, 1703002781742132902
0.38303464108, 0.0414324496572, 0.179962194819, 0.927839390011, -0.372623505902, 0.00386183864179, -0.0158390465658, 1703002781785978078
0.382801159783, 0.0422655996534, 0.179824434675, 0.92793853465, -0.372370021865, 0.00352368642639, -0.016069423216, 1703002781786066055
0.382570426144, 0.0430806721111, 0.179688834406, 0.928039625008, -0.372111835995, 0.00319729647841, -0.0162792267471, 1703002781786133050
0.38234516678, 0.0438731465455, 0.179554094206, 0.928137315458, -0.371862010246, 0.00288404252148, -0.0164757788691, 1703002781786195993
0.382128248038, 0.0445870780072, 0.179423220574, 0.928235283191, -0.37161300509, 0.00260158972022, -0.0166212279416, 1703002781829982995
0.381867580835, 0.0453691031402, 0.179272701845, 0.928353490796, -0.371313840148, 0.00227620994976, -0.016752525495, 1703002781830065965
0.381604639494, 0.0461619462914, 0.179119440938, 0.928465848529, -0.371028577201, 0.00194603045293, -0.0168871543042, 1703002781830132961
0.381348521817, 0.0468691998848, 0.178979182166, 0.928566161417, -0.370774843102, 0.0016378379404, -0.0169769573762, 1703002781830195903
0.381083417727, 0.0475621432939, 0.178834433223, 0.928670201232, -0.370512311197, 0.00132507133267, -0.0170449048747, 1703002781874062061
0.380811866522, 0.0482512311266, 0.178697294704, 0.928769090889, -0.37026256363, 0.00101068163379, -0.0171052128257, 1703002781874164104
0.380509183293, 0.049012328958, 0.178547975508, 0.928865839977, -0.370016513895, 0.000645167585002, -0.0171934443352, 1703002781874244928
0.380203468813, 0.049773143577, 0.178411044934, 0.928955728901, -0.36978592428, 0.000264140696707, -0.0173076334407, 1703002781874320030
0.379933567222, 0.0504824162165, 0.178290801679, 0.929045144629, -0.369556026398, -7.60180286247e-05, -0.0174200119003, 1703002781917896986
0.379674514223, 0.0512184168225, 0.178184329712, 0.929126037792, -0.369344457902, -0.000421996079119, -0.0175869051824, 1703002781917964935
0.379371657918, 0.052093113659, 0.178064597928, 0.929224508959, -0.369086643806, -0.000827733109384, -0.017781343353, 1703002781918011903
0.379100978948, 0.0528174017703, 0.177967904685, 0.929324533105, -0.368828206433, -0.0011686735682, -0.0178969413743, 1703002781918055057
0.378798567763, 0.0535991306363, 0.177865489461, 0.929419126315, -0.368582122299, -0.00155263517142, -0.0180248741021, 1703002781962044000
0.378526659266, 0.0542904040251, 0.177782546604, 0.929510739518, -0.36834457179, -0.00189203424783, -0.0181240657366, 1703002781962137937
0.378197649385, 0.0549938292066, 0.177685841844, 0.929622507726, -0.368058756013, -0.00227198066755, -0.0181544307592, 1703002781962213039
0.377852007758, 0.0556787387095, 0.177591376371, 0.929728634104, -0.36778742962, -0.00266903822803, -0.0181645197054, 1703002781962284088
0.37751749431, 0.0563086077101, 0.177504783306, 0.929815331527, -0.367563904196, -0.00306573037435, -0.0181886471992, 1703002781962353944
0.377190247894, 0.0569442262749, 0.177424710533, 0.92989154271, -0.367364345483, -0.00346986680415, -0.0182514790704, 1703002782006181955
0.376800859072, 0.0576160702269, 0.177335022739, 0.929991434446, -0.367106140189, -0.00392759438122, -0.018264383228, 1703002782006285905
0.376444048482, 0.0582194887334, 0.177248975222, 0.930078466228, -0.366880330783, -0.00434755660655, -0.018274799461, 1703002782006422996
0.376055159, 0.0588290333315, 0.177153497754, 0.930166410584, -0.36665191461, -0.00480196841262, -0.0182691880669, 1703002782006496906
0.375595770022, 0.0594947521298, 0.17704507944, 0.93026242617, -0.366402955731, -0.00532891497681, -0.0182289646554, 1703002782012253046
0.37513134927, 0.0601774402211, 0.176933578494, 0.930356258616, -0.366158627721, -0.00585916857693, -0.0181868508395, 1703002782023488998
0.374692830775, 0.0608049877078, 0.176826092628, 0.930441928332, -0.365934528203, -0.0063594846094, -0.0181465155247, 1703002782065954923
0.37421242684, 0.0614883527171, 0.17670849712, 0.93053656269, -0.365685881129, -0.00690887922059, -0.0181055027043, 1703002782066035985
0.373764958702, 0.0621121768915, 0.176607086679, 0.930614636687, -0.365479354152, -0.00741945506946, -0.0180607685151, 1703002782066101074
0.373249267476, 0.0628250378216, 0.176486997064, 0.930682069581, -0.365295316666, -0.00802795679925, -0.0180490690246, 1703002782066164016
0.372786566427, 0.0634731427096, 0.176382262429, 0.930754821615, -0.365097839617, -0.00857290024412, -0.0180425865497, 1703002782109951972
0.372292820789, 0.0641032798306, 0.176274096278, 0.930825910559, -0.364903621081, -0.00915354173628, -0.0180189963155, 1703002782110042095
0.371748333187, 0.0647873505998, 0.176148049823, 0.930914663966, -0.364663119897, -0.0097840598187, -0.0179713542513, 1703002782110116958
0.37119166638, 0.0654289822958, 0.17602017266, 0.931005267548, -0.364418312425, -0.0104156668869, -0.0178885228603, 1703002782110189914
0.370689539686, 0.0659815497912, 0.175903211091, 0.931080196068, -0.364215457559, -0.0109743247417, -0.0177857572421, 1703002782153975009
0.370144601735, 0.0665842275539, 0.175778047313, 0.931161991276, -0.363993965338, -0.0115735593697, -0.0176576307499, 1703002782154056072
0.369619291436, 0.0671290246024, 0.1756615807, 0.931233456534, -0.363799000497, -0.012147014047, -0.0175210364598, 1703002782154123067
0.369023417581, 0.0677278732218, 0.175527602804, 0.931311483988, -0.363584327637, -0.0127989488456, -0.0173650049743, 1703002782154185056
0.368423537281, 0.0683270279836, 0.175391646895, 0.931370877642, -0.363413309044, -0.0134742643769, -0.0172481677013, 1703002782201838970
0.367867968899, 0.0688274571839, 0.175266298698, 0.931444290267, -0.363209718796, -0.0140825482641, -0.017085553429, 1703002782201903104
0.367239502139, 0.0693378049416, 0.175126292256, 0.931540856483, -0.362946065283, -0.0147514457188, -0.0168576762269, 1703002782201953887
0.366629177283, 0.0698486465902, 0.174988041414, 0.931611385983, -0.362746524935, -0.0154108114909, -0.016664064444, 1703002782202008008
0.366074737065, 0.0703107473786, 0.174863903287, 0.931676774059, -0.362560689801, -0.0160109697816, -0.0164858647522, 1703002782245889902
0.365482851183, 0.070797635379, 0.174740227552, 0.931754264445, -0.362342471389, -0.016641159305, -0.016278695714, 1703002782245970010
0.364893800672, 0.0712603076023, 0.174609679171, 0.931823253497, -0.362145291594, -0.0172677148214, -0.0160635626286, 1703002782246031045
0.364374484969, 0.0716797604657, 0.174490885116, 0.931879923729, -0.361980332011, -0.0178225461231, -0.0158872224638, 1703002782246083021
0.363768336484, 0.0721345730923, 0.174359457712, 0.931955557177, -0.361764200656, -0.0184585893324, -0.0156455440963, 1703002782246129035
0.363191013239, 0.0725458966231, 0.17423664142, 0.932022645609, -0.361569894935, -0.0190649163717, -0.0154119470964, 1703002782290045022
0.36252540128, 0.0730109297919, 0.174091757324, 0.932078068789, -0.361400217111, -0.0197681660216, -0.0151517777164, 1703002782290142059
0.36186724527, 0.0734233457248, 0.173952459548, 0.932123785325, -0.361254642426, -0.0204672271468, -0.0148803484421, 1703002782290227890
0.361087092735, 0.0738571394841, 0.173794031587, 0.932173957042, -0.361090929383, -0.0212941163252, -0.0145469975999, 1703002782290307044
0.360308393739, 0.074317764152, 0.173629618916, 0.932210680425, -0.360956474522, -0.0221406482963, -0.0142640280309, 1703002782298502922
0.359639097001, 0.0747319453936, 0.173483441198, 0.932253521333, -0.360810744668, -0.0228600148385, -0.0140142148178, 1703002782308604001
0.358971696631, 0.0751350924716, 0.173354258192, 0.932298439558, -0.360658134922, -0.0235786213604, -0.0137614652903, 1703002782349832057
0.358188754817, 0.0755493846443, 0.173211567302, 0.932346068404, -0.36049118658, -0.0244178462039, -0.0134417973507, 1703002782349896907
0.357458956212, 0.0759281104301, 0.173070015773, 0.932375700653, -0.360370098419, -0.0252099849526, -0.0131682062528, 1703002782349944114
0.356612276067, 0.0763159746619, 0.172907577261, 0.93241199053, -0.360223259168, -0.0261262330097, -0.0128258886513, 1703002782393909931
0.355827320043, 0.0766413823569, 0.172754060745, 0.932451693983, -0.360070640578, -0.0269666434272, -0.0124808783209, 1703002782393966913
0.355013343318, 0.0769889714613, 0.172587879893, 0.93249928226, -0.359893165316, -0.0278357327505, -0.0121313694866, 1703002782394015073
0.354287650743, 0.0772934340085, 0.172445214059, 0.932542374518, -0.359731679898, -0.0286074876223, -0.0118088889194, 1703002782394058942
0.35348985507, 0.0776262165126, 0.172306904745, 0.932583188436, -0.359568768276, -0.029456899071, -0.0114537602935, 1703002782394109010
0.352751908774, 0.0778973278306, 0.172175081945, 0.932628070304, -0.359399315024, -0.0302307252643, -0.0110958592434, 1703002782437849044
0.351979847319, 0.0781750891099, 0.172025610043, 0.932681240575, -0.359204991475, -0.0310297994964, -0.0107064990373, 1703002782437915086
0.351183581243, 0.078444226089, 0.171875808665, 0.932724180711, -0.359032418185, -0.031860876641, -0.010305821129, 1703002782437966108
0.350440545077, 0.0786797003515, 0.171742616579, 0.93276371056, -0.358870569656, -0.0326371373001, -0.00992933863801, 1703002782438011884
0.349695538989, 0.0789141480462, 0.171602194485, 0.932801556951, -0.358710764709, -0.0334143897508, -0.00955621206273, 1703002782444430112
0.348903096446, 0.079179610209, 0.171458526983, 0.932836386837, -0.358551113845, -0.0342504381403, -0.00918050332455, 1703002782455382108
0.348116297293, 0.0794197008748, 0.171326446943, 0.932875602429, -0.358378592186, -0.035078648818, -0.00879678653365, 1703002782501885890
0.347290981386, 0.0796561327188, 0.171191155048, 0.932903702952, -0.358227869142, -0.0359569685202, -0.00840066678552, 1703002782501949071
0.346565720327, 0.0798530363821, 0.171062391303, 0.932929106998, -0.358092416717, -0.0367202467426, -0.00804523985243, 1703002782502012014
0.345875469875, 0.0800229408576, 0.170936538925, 0.932962790519, -0.357938825582, -0.0374337807551, -0.00767728511963, 1703002782502060890
0.345159541687, 0.080162260046, 0.170816478809, 0.932991870861, -0.357793647632, -0.0381711454453, -0.00726899423362, 1703002782549895048
0.344336609291, 0.0803126924168, 0.170690352981, 0.933011940513, -0.357657924912, -0.0390268278824, -0.00681427281631, 1703002782549954891
0.343454202464, 0.0804530668324, 0.170544764889, 0.933026078795, -0.357528525726, -0.0399452788764, -0.00632963471417, 1703002782550003051
0.342566660005, 0.0805935045732, 0.170401251006, 0.933029724942, -0.357421966413, -0.0408748439465, -0.00585810826431, 1703002782550046920
0.341676171181, 0.0807047453453, 0.170259422836, 0.933038939598, -0.357298420802, -0.0418029395045, -0.00535629868964, 1703002782593913078
0.340844981571, 0.0807901005024, 0.170134657257, 0.933052226626, -0.35716913637, -0.0426615676508, -0.0048724796225, 1703002782593985080
0.339934917019, 0.0808807074569, 0.169985984751, 0.933062809764, -0.357034759702, -0.0436015711731, -0.00434469699752, 1703002782594048976
0.339106001473, 0.0809595367997, 0.169863567354, 0.933066185341, -0.356924585034, -0.0444665781865, -0.00388043748595, 1703002782594105958
0.338226100595, 0.0810434065276, 0.169733354289, 0.933075465162, -0.356790006569, -0.0453831664696, -0.00338167522325, 1703002782594160079
0.337448982126, 0.0811057123627, 0.169617305734, 0.933091165905, -0.356649920574, -0.0461858021126, -0.00292949618203, 1703002782641941070
0.336651602955, 0.0811691641179, 0.169500124114, 0.933104133923, -0.356511118023, -0.047014708254, -0.00247289077577, 1703002782642052888
0.335769508276, 0.0812427135217, 0.16937673391, 0.933110288465, -0.356375822117, -0.0479328816023, -0.00197530576507, 1703002782642102956
0.334921586305, 0.0813148792042, 0.169255509056, 0.933112154111, -0.356252877567, -0.0488194446565, -0.00150229794191, 1703002782642155885
0.33407510038, 0.0813666997503, 0.169136774098, 0.933123477327, -0.356103637392, -0.0496966097019, -0.00101117788326, 1703002782646682024
0.333299450358, 0.0814172455816, 0.169032684207, 0.933123757888, -0.355990108244, -0.0505051328362, -0.000571712383208, 1703002782656526088
0.332418888137, 0.0814640539664, 0.168913111196, 0.933120785633, -0.355866868608, -0.0514234027073, -7.00037913825e-05, 1703002782701858043
0.331654993276, 0.0815039243055, 0.168808085533, 0.933118761338, -0.355756740131, -0.0522147490171, 0.000372928636119, 1703002782701936960
0.330899370406, 0.0815304875635, 0.168706927089, 0.933123939884, -0.355627504213, -0.0529915071961, 0.000831401114418, 1703002782701991081
0.330089374227, 0.0815524377861, 0.168602598932, 0.933116251933, -0.355520801211, -0.0538264424101, 0.00131695963012, 1703002782702035903
0.329397534191, 0.0815761472372, 0.168510801091, 0.933109580197, -0.355428479794, -0.0545353527397, 0.0017327425992, 1703002782749825954
0.328630292386, 0.0815915440166, 0.168414388457, 0.933102001993, -0.355323990763, -0.0553233477708, 0.00220060351172, 1703002782749897956
0.327888469089, 0.0815911681087, 0.168336880263, 0.933090499631, -0.35523096958, -0.0560896710921, 0.00265076344203, 1703002782749953031
0.327070393637, 0.0815802168841, 0.168245673684, 0.933079017502, -0.355122290757, -0.0569372942269, 0.00313850792055, 1703002782749998092
0.326130380855, 0.0815572565547, 0.168133694355, 0.933063299929, -0.355000030094, -0.0579156842996, 0.00369194681722, 1703002782797840118
0.325221859506, 0.0815258373192, 0.168016390954, 0.933044602438, -0.354887079415, -0.0588650926499, 0.0042227471728, 1703002782797902107
0.324394313172, 0.0814912635606, 0.167924988897, 0.933020116107, -0.354799414624, -0.0597392181584, 0.00469724765936, 1703002782797950029
0.323474421429, 0.0814496889773, 0.167836449826, 0.93299303175, -0.354697903246, -0.060713845548, 0.0052181507423, 1703002782797995090
0.322606819345, 0.0814052285661, 0.167751200349, 0.932964485015, -0.354606894651, -0.061633363261, 0.00570512921218, 1703002782798037052
0.321674392906, 0.0813508242328, 0.167661110823, 0.932928907317, -0.354519009142, -0.0626196276684, 0.00622159791913, 1703002782846084117
0.320873867722, 0.0812969625094, 0.167581956327, 0.932891794172, -0.35445660695, -0.0634749689046, 0.00665901477592, 1703002782846177101
0.320069438787, 0.0812397518909, 0.167508547938, 0.932849156206, -0.354403743923, -0.064344027574, 0.00709113351811, 1703002782846250057
0.319256025462, 0.0811779674591, 0.167438670908, 0.932802481447, -0.354356620312, -0.0652254808285, 0.00752016606341, 1703002782846316099
0.318378579097, 0.0811068706377, 0.167355139179, 0.932749781292, -0.354309375912, -0.0661741081575, 0.00798116848649, 1703002782846380949
0.317580049744, 0.0810398453761, 0.167288923313, 0.932698601786, -0.35427149855, -0.0670407472511, 0.0084001041746, 1703002782893989086
0.316698705398, 0.0809641879888, 0.167219935546, 0.932641240025, -0.354228237017, -0.0680007549311, 0.00886401906376, 1703002782894073009
0.315816182421, 0.0808921471279, 0.167145980003, 0.932582486394, -0.354185795414, -0.0689590513669, 0.0093261800109, 1703002782894140005
0.315037426291, 0.0808294027242, 0.167073961313, 0.93253271872, -0.354140676627, -0.0698022697225, 0.00973410579704, 1703002782894202947
0.314180003115, 0.0807567882692, 0.167010345148, 0.932474135769, -0.354097344441, -0.0707341695726, 0.0101849907783, 1703002782897387027
0.313347390763, 0.0806906936046, 0.166950762432, 0.932417148767, -0.354053052786, -0.0716370884671, 0.0106218667822, 1703002782908269882
0.312628157567, 0.0806333488147, 0.166894073616, 0.932367265984, -0.354014375774, -0.0724163674068, 0.0109987634623, 1703002782949827909
0.311806246683, 0.0805672071441, 0.16684099312, 0.932311583919, -0.353964191414, -0.0733062670881, 0.0114303496598, 1703002782949932098
0.310923907093, 0.0804934523444, 0.166792144994, 0.93224798474, -0.353916702675, -0.0742643543986, 0.011894039702, 1703002782950005054
0.31002338469, 0.0804201986833, 0.166730750504, 0.932183248103, -0.353865515668, -0.0752376511002, 0.0123646526201, 1703002782993845939
0.309182643531, 0.0803490525914, 0.166666132237, 0.932118873006, -0.35382475952, -0.0761478004434, 0.0128046328896, 1703002782993906974
0.308250535589, 0.0802692557772, 0.166605186088, 0.932048207474, -0.353773821608, -0.0771584852152, 0.0132962494112, 1703002782993954896
0.307323303026, 0.080194237125, 0.166551303177, 0.931977655161, -0.353720627158, -0.0781632421098, 0.0137795423075, 1703002782993999958
0.306397114206, 0.0801173431747, 0.166497822789, 0.931905111623, -0.353669594797, -0.0791654614799, 0.014265705542, 1703002783037874937
0.305571504456, 0.0800498865343, 0.166454616716, 0.931841101847, -0.353620245931, -0.0800553740834, 0.0146976071388, 1703002783037936925
0.304712419472, 0.0799794502209, 0.166404154493, 0.931772558144, -0.35357036409, -0.0809841123194, 0.0151483028151, 1703002783037986040
0.303870797956, 0.0799080312281, 0.166362987719, 0.93170411095, -0.35352168425, -0.0818954040395, 0.0155888165545, 1703002783038031101
0.303015452146, 0.0798404917541, 0.166324653792, 0.931633526007, -0.353471774723, -0.0828224935992, 0.0160347200899, 1703002783038074016
0.302240634321, 0.0797737582132, 0.166285914392, 0.931570231581, -0.353423644484, -0.0836560758425, 0.0164405634723, 1703002783081985950
0.301394203704, 0.0797039013836, 0.166244899235, 0.931498998936, -0.353372626675, -0.0845717507185, 0.0168825554665, 1703002783082061052
0.300625677122, 0.0796386720557, 0.166212605799, 0.931431832388, -0.353330281696, -0.0854027921751, 0.0172863165459, 1703002783082114934
0.299767587536, 0.0795644928582, 0.166172461186, 0.93135520556, -0.353283826951, -0.0863338845068, 0.0177335579416, 1703002783082272052
0.298937583055, 0.0794952804141, 0.166132172928, 0.931283666132, -0.353230682805, -0.0872277556666, 0.018169660497, 1703002783090348958
0.298117963817, 0.0794267613279, 0.166101386874, 0.931210397565, -0.35318119438, -0.088115663437, 0.0185975606104, 1703002783138595104
0.297405441973, 0.0793675506523, 0.166079494806, 0.931146069754, -0.353138057192, -0.0888853630806, 0.0189710720289, 1703002783138664007
0.296674813148, 0.0793050144675, 0.166048808458, 0.93107878917, -0.353095318626, -0.0896741666688, 0.019352729888, 1703002783138739109
0.29600415108, 0.0792478786218, 0.166030364435, 0.931017297609, -0.353053266132, -0.0903984798921, 0.01970526984, 1703002783138797998
0.295271849347, 0.0791856118568, 0.166014336697, 0.930948487903, -0.353009337269, -0.0911909905422, 0.0200879047323, 1703002783181978940
0.294391978448, 0.0791092452384, 0.165992700729, 0.930864120226, -0.352958534491, -0.0921419626658, 0.0205455913096, 1703002783182060956
0.293474994192, 0.0790269886549, 0.165962624336, 0.930777270619, -0.352899760632, -0.0931302000104, 0.0210284876145, 1703002783182126998
0.292611169542, 0.078941073505, 0.165929594975, 0.930689132295, -0.352857692713, -0.094062174822, 0.021482434425, 1703002783182188987
0.291744563372, 0.0788518534734, 0.165911776412, 0.930602697879, -0.352806749773, -0.0949963916067, 0.0219477013802, 1703002783225994110
0.290868038357, 0.0787623429048, 0.165902076232, 0.930512304203, -0.352759665892, -0.0959440265934, 0.0224101228805, 1703002783226078033
0.290062503514, 0.0786797164428, 0.165893687769, 0.930428813141, -0.352717187709, -0.0968049196655, 0.022838929482, 1703002783226145029
0.289201222599, 0.0785807743022, 0.165884144924, 0.930335981892, -0.352679078927, -0.0977224409785, 0.0232970515794, 1703002783226207971
0.288374181394, 0.078464616326, 0.165877705193, 0.930246524711, -0.35263969026, -0.0986008040121, 0.0237599150823, 1703002783269849061
0.287624853922, 0.0783489901448, 0.165872537305, 0.930165099795, -0.352602275313, -0.0993951547494, 0.024189373283, 1703002783269917964
0.286875429209, 0.0782266164753, 0.165868011203, 0.930080337698, -0.352571338774, -0.100188410589, 0.0246231372299, 1703002783270035982
0.286064174868, 0.0780821796388, 0.165863356868, 0.929988011105, -0.352537920004, -0.101040634252, 0.025101880223, 1703002783270107030
0.285338536865, 0.0779386257055, 0.165858667093, 0.929904247921, -0.352508634929, -0.101799543836, 0.0255461322608, 1703002783317852020
0.284538184465, 0.0777667317821, 0.165855594964, 0.929811220135, -0.352474028412, -0.102638928494, 0.0260462005679, 1703002783317914009
0.283737041102, 0.077574026588, 0.165849186365, 0.929718706379, -0.352435981314, -0.10346930284, 0.0265727201178, 1703002783317966938
0.282983589749, 0.077356162007, 0.165839023688, 0.929635234374, -0.352390417683, -0.104233813853, 0.0271041802264, 1703002783318011045
0.282184854841, 0.0771292622289, 0.16583544867, 0.929535785917, -0.352365594605, -0.105058747283, 0.0276472432054, 1703002783318053007
0.281454796729, 0.0769090397902, 0.165838733204, 0.929448512617, -0.352331397112, -0.105806477417, 0.0281609364239, 1703002783361820936
0.280755509431, 0.0766764645915, 0.165836074447, 0.929364162255, -0.352300031384, -0.10651193108, 0.0286731640988, 1703002783361892938
0.280111220766, 0.0764543151316, 0.165838696538, 0.929284265097, -0.352274390246, -0.107163549293, 0.029145880038, 1703002783361943006
0.279394790092, 0.0761928135066, 0.165839875269, 0.929194535021, -0.352245951681, -0.107883747304, 0.0296884266893, 1703002783361988067
0.278697168245, 0.0759485609622, 0.165846199624, 0.929104075238, -0.352223326456, -0.108592535709, 0.0301994514057, 1703002783368643045
0.277988419545, 0.0757160323693, 0.165849935032, 0.929009383977, -0.352204883821, -0.109319125586, 0.0307020044515, 1703002783378331899
0.277219119164, 0.0754329846581, 0.165850967041, 0.928906210756, -0.352184779616, -0.110095724405, 0.0312740162583, 1703002783421962022
0.276443809884, 0.0751294110797, 0.165861384566, 0.928805149088, -0.352153975565, -0.110871307754, 0.0318767256506, 1703002783422060966
0.275736595672, 0.0748481933968, 0.165875305098, 0.92870515286, -0.352143114164, -0.111584458684, 0.0324171988148, 1703002783422133922
0.274979387861, 0.0745274309036, 0.165886580418, 0.928605159113, -0.352113042863, -0.112331331548, 0.0330232564558, 1703002783422200918
0.274202342872, 0.0741948556105, 0.16590145028, 0.928499459622, -0.352086330677, -0.113102124216, 0.0336434054503, 1703002783465846061
0.273510697604, 0.073886450143, 0.165917267076, 0.928402230231, -0.352069000671, -0.113785353531, 0.0341995758742, 1703002783465909004
0.27279724302, 0.0735364904277, 0.165927791156, 0.928303144102, -0.352045393001, -0.114482088883, 0.0348017993962, 1703002783465966939
0.272155710841, 0.0732032426534, 0.165944712329, 0.92821380808, -0.352022804321, -0.115102308165, 0.0353628389907, 1703002783466036081
0.271419451646, 0.0728298458568, 0.165974007758, 0.928111376371, -0.351994034939, -0.115817205822, 0.0359978784694, 1703002783509814023
0.270703395505, 0.07246569106, 0.165994039095, 0.928007316798, -0.351975862156, -0.116514768407, 0.0366022017288, 1703002783509888887
0.27007689643, 0.07211706321, 0.166006123181, 0.927917440488, -0.351954507807, -0.117116333573, 0.037161976303, 1703002783509938955
0.269404541351, 0.0717221003809, 0.166030479752, 0.927821427721, -0.351928191484, -0.117755487278, 0.0377834820536, 1703002783510082960
0.268735184753, 0.0713265109836, 0.166055327135, 0.927722691335, -0.351907300527, -0.118395520216, 0.0383974037045, 1703002783517321109
0.268120908322, 0.0709490706411, 0.166078858019, 0.927631610726, -0.351887941359, -0.11897650575, 0.0389751534602, 1703002783557933092
0.267480109808, 0.0705345730241, 0.166099781663, 0.927536460717, -0.35186753436, -0.119571133271, 0.0395991968669, 1703002783558027982
0.266846863205, 0.0700994424841, 0.166128415752, 0.927443448584, -0.351840921031, -0.120156675647, 0.0402366656614, 1703002783558103084
0.266282924829, 0.0696614689195, 0.166150026022, 0.927361402886, -0.351814380621, -0.120658597779, 0.0408530636153, 1703002783602030038
0.265700901743, 0.0691653242867, 0.166165845632, 0.927279790176, -0.351777532634, -0.121159705658, 0.0415341304222, 1703002783602159976
0.265208753769, 0.0687207835861, 0.166180957253, 0.927206245215, -0.351755822656, -0.12158293988, 0.0421189837435, 1703002783602241039
0.264704531054, 0.068257689549, 0.166206231074, 0.927129837439, -0.351734497689, -0.122015749044, 0.0427231161089, 1703002783602314949
0.264138003267, 0.0677049225811, 0.166229660765, 0.927049143374, -0.351696386115, -0.12248358675, 0.0434431667776, 1703002783602385997
0.263589063216, 0.0671618441501, 0.166254623715, 0.926969269226, -0.351661026374, -0.122936308729, 0.0441492971116, 1703002783645884037
0.262948130228, 0.0665526074882, 0.166292800195, 0.926870978428, -0.351630003184, -0.123478461868, 0.0449399562093, 1703002783645971059
0.262300901094, 0.0659437249815, 0.166330386147, 0.926766383926, -0.351609922789, -0.12403489559, 0.0457151670242, 1703002783646039962
0.261739051347, 0.0654219517658, 0.166362491408, 0.926668189581, -0.351608938829, -0.124529657227, 0.0463636174718, 1703002783646104097
0.261106801693, 0.0648496474732, 0.166407953249, 0.926546741838, -0.351632283538, -0.125102509397, 0.0470662777897, 1703002783654346942
0.260479605117, 0.0642258317224, 0.166455780554, 0.926434552307, -0.351632554049, -0.125642725095, 0.047827532392, 1703002783665178060
0.259877270442, 0.0635597445501, 0.166503342285, 0.926322201098, -0.351641677751, -0.126145368408, 0.048607162542, 1703002783705785036
0.259241701112, 0.0628965883228, 0.166555082969, 0.926195716261, -0.351669220437, -0.126695953625, 0.0493800558115, 1703002783705871105
0.258675766544, 0.0623151921096, 0.166596975213, 0.926077054123, -0.351705869144, -0.127198686135, 0.0500476341316, 1703002783705924987
0.258108894258, 0.0616713110557, 0.166640546145, 0.925950751297, -0.351758918271, -0.127691066271, 0.0507529426078, 1703002783750013113
0.257571185844, 0.0610006925068, 0.166691678465, 0.925827431042, -0.351813986938, -0.128145277829, 0.0514711015433, 1703002783750099897
0.25709000739, 0.0603822773567, 0.166742100864, 0.925715116143, -0.351867357903, -0.128546899996, 0.0521208277725, 1703002783750166893
0.256560661154, 0.0596709753742, 0.166796164722, 0.925588184467, -0.351931847495, -0.128983492242, 0.0528559005409, 1703002783750230073
0.256084551225, 0.0589891277901, 0.166844863058, 0.925476369596, -0.351981272087, -0.129361194846, 0.0535570227643, 1703002783793886899
0.255605818137, 0.0582005324356, 0.166891095152, 0.925356941545, -0.352043827803, -0.129719394007, 0.0543373983414, 1703002783793945074
0.255128143756, 0.0573798981544, 0.166948505505, 0.925239503252, -0.352099598513, -0.130061239882, 0.0551525904055, 1703002783793992042
0.254687779076, 0.0566379003994, 0.166996759082, 0.925131166885, -0.352149096774, -0.130381399208, 0.0558930088689, 1703002783794035911
0.254209578288, 0.0558233086308, 0.167052222811, 0.925004960078, -0.352223127365, -0.130736184655, 0.0566810585831, 1703002783794078111
0.253777243258, 0.0550973905611, 0.167108126118, 0.924885291712, -0.352301889277, -0.131068597803, 0.0573724555626, 1703002783842080116
0.253350647431, 0.0542493500318, 0.167160549837, 0.92476821475, -0.352372021238, -0.131353087178, 0.0581727954118, 1703002783842180013
0.252946849002, 0.0533807919335, 0.167213207282, 0.924650683712, -0.352451867535, -0.131608885008, 0.058973685404, 1703002783842261075
0.252547530764, 0.0526099283486, 0.167266469474, 0.924533804436, -0.352533345908, -0.131886589349, 0.0596943215718, 1703002783842343091
0.252108186904, 0.0517575940962, 0.167328275487, 0.92440309786, -0.352626466083, -0.132195962824, 0.060479050076, 1703002783846364974
0.251732731642, 0.0509915127757, 0.167378501872, 0.924280582925, -0.352730662405, -0.132460811759, 0.0611605851425, 1703002783856297969
0.251374006833, 0.0501549963944, 0.167432234902, 0.924146545099, -0.352869161016, -0.132705201019, 0.0618534397438, 1703002783897927045
0.251022646327, 0.049261669815, 0.167489540975, 0.924017812297, -0.352993089957, -0.13291990922, 0.0626039833743, 1703002783898020982
0.250680680444, 0.048328153429, 0.167547341584, 0.923885565966, -0.353127775552, -0.133113762208, 0.0633795033503, 1703002783898153066
0.250365205158, 0.0474414959386, 0.167603081775, 0.923764732497, -0.35324590005, -0.133283999523, 0.0641204223589, 1703002783941848993
0.250045441745, 0.0465680887447, 0.167662631308, 0.923633720795, -0.353387740943, -0.133474407466, 0.0648262054532, 1703002783941915035
0.249667488131, 0.0456526197898, 0.167734727269, 0.923473604693, -0.353572007949, -0.13374573648, 0.0655394125918, 1703002783941968917
0.249321859021, 0.0448334971908, 0.167796773998, 0.923322937399, -0.353751401379, -0.134004903008, 0.0661618112313, 1703002783942019939
0.248954054298, 0.0439083952582, 0.167868249618, 0.923164056693, -0.353934885639, -0.134260831132, 0.0668748860243, 1703002783942085027
0.248621940469, 0.0430628937201, 0.167936419552, 0.923014499528, -0.354113834623, -0.134495830465, 0.0675166451832, 1703002783985841035
0.248285120239, 0.0421328787452, 0.168010049678, 0.922855838134, -0.354309145217, -0.134723208024, 0.0682040237612, 1703002783985903978
0.247932384003, 0.0412079884231, 0.168083667204, 0.922693675791, -0.354503999074, -0.134968535006, 0.0688969509757, 1703002783985956907
0.247607622917, 0.0403589449188, 0.168153184537, 0.922536618797, -0.354702848523, -0.135198364704, 0.0695232220947, 1703002783986001014
0.247247621987, 0.0393604228361, 0.168230760602, 0.922366479093, -0.354907998524, -0.135433840722, 0.0702713712436, 1703002783994404077
0.246925372385, 0.0383203490283, 0.168306374029, 0.922204197952, -0.355109079928, -0.135611973247, 0.0710376755242, 1703002784005378961
0.24661689668, 0.0372465769395, 0.168387328049, 0.92203709739, -0.355325391152, -0.135776525572, 0.071806633007, 1703002784045963048
0.246307913228, 0.0362501817776, 0.168464817647, 0.921873844542, -0.355534490085, -0.135959886526, 0.0725172418492, 1703002784046046018
0.245991214858, 0.0351636221957, 0.168545586893, 0.921691986536, -0.355782153536, -0.136148880151, 0.0732558776775, 1703002784046112060
0.245693161251, 0.0340565227554, 0.16862518223, 0.921525722578, -0.355996509253, -0.136308291517, 0.0740059301084, 1703002784089884042
0.245447574897, 0.0329609508335, 0.168703208688, 0.921361497321, -0.356231798329, -0.136420345982, 0.0747086763111, 1703002784089945077
0.245230780884, 0.0319688047165, 0.168774951893, 0.921204834678, -0.356467570435, -0.136522865819, 0.0753261634609, 1703002784089992046
0.245014324823, 0.0309865964437, 0.168847002618, 0.921049369161, -0.356700850926, -0.136618084534, 0.0759477550335, 1703002784090056896
0.244814419434, 0.0299942394147, 0.168916024948, 0.920890824624, -0.356948628411, -0.136689948697, 0.0765743019853, 1703002784090142011
0.244614094696, 0.0290009004376, 0.168987722406, 0.920720997547, -0.357224269385, -0.136773295128, 0.0771798664117, 1703002784134210109
0.244391404187, 0.0278905035993, 0.169067416547, 0.920539162445, -0.357511013711, -0.13685900636, 0.0778661534877, 1703002784134284019
0.24418683402, 0.0268984756146, 0.16913940383, 0.920372757233, -0.357775296565, -0.13695036593, 0.0784564986642, 1703002784134331941
0.243974027216, 0.0258406585935, 0.169210430984, 0.920181167991, -0.358096626417, -0.137065592892, 0.0790344701258, 1703002784134382009
0.243812201281, 0.0248707290137, 0.169277693973, 0.920019080762, -0.358372366775, -0.137126141846, 0.0795648099882, 1703002784141305923
0.243636677598, 0.0237996060445, 0.169351938759, 0.919846455408, -0.358660775145, -0.137178632238, 0.0801683834389, 1703002784152304887
0.243508417629, 0.0228695560371, 0.169413718135, 0.919693202027, -0.358933249851, -0.137205046938, 0.0806604698247, 1703002784193804979
0.243365464697, 0.0218773739967, 0.169474810573, 0.919513665011, -0.359261642235, -0.137253348119, 0.0811616332183, 1703002784193871021
0.243249258474, 0.0209717260731, 0.169534822259, 0.91934632301, -0.359578164249, -0.137285588708, 0.0815999344144, 1703002784193918943
0.243154615812, 0.0199016590914, 0.169600646076, 0.919181500726, -0.359887147948, -0.137251402304, 0.0821502406006, 1703002784238029003
0.243059819996, 0.018788953028, 0.169667139117, 0.919013604394, -0.360201395118, -0.137212769198, 0.0827140004021, 1703002784238168001
0.242980500621, 0.0177672589831, 0.169729335557, 0.918853131754, -0.360510421692, -0.137175826922, 0.0832102795661, 1703002784238254070
0.24290820288, 0.0167519897278, 0.169788838312, 0.918695815152, -0.360815565035, -0.137140485296, 0.0836816260803, 1703002784238332986
0.242837298419, 0.0156306839966, 0.169849180105, 0.918530912396, -0.361133712099, -0.137083427617, 0.0842112749663, 1703002784238406896
0.24279417327, 0.0145911604135, 0.169905358046, 0.918382800752, -0.361427671772, -0.136994176066, 0.0847092975095, 1703002784281940937
0.242755720954, 0.0134937702327, 0.169965018408, 0.918222961731, -0.361751277291, -0.136905223286, 0.0852030854207, 1703002784282022953
0.242713094315, 0.0124454758961, 0.170019771027, 0.918061005181, -0.362082694428, -0.136844259476, 0.0856373855901, 1703002784282097101
0.242689466531, 0.0115008232312, 0.170067343336, 0.917907676669, -0.362409250055, -0.136782303314, 0.0859978725711, 1703002784282160997
0.242669652621, 0.0104210913304, 0.170123278826, 0.917744367476, -0.362753558945, -0.136690168772, 0.0864345370777, 1703002784289727926
0.242659932981, 0.00938876790652, 0.170177893706, 0.917602746818, -0.363049266183, -0.136579392993, 0.0868705863141, 1703002784299562931
0.24264915253, 0.00823822976696, 0.170233686053, 0.917452464603, -0.363358618045, -0.13644904517, 0.0873678886006, 1703002784341902971
0.24262775992, 0.00726022521328, 0.170281566268, 0.917298721895, -0.363683329149, -0.136367368792, 0.0877578010038, 1703002784341996908
0.24261850396, 0.00626999240631, 0.170324790517, 0.917133067083, -0.364048202885, -0.136293371974, 0.0880906351174, 1703002784342073917
0.242623563084, 0.00529101848704, 0.170369426342, 0.916974866601, -0.364401968641, -0.136208014598, 0.0884063121749, 1703002784385883092
0.242639220485, 0.00438382960809, 0.170412214223, 0.916824385126, -0.364745850681, -0.13611084902, 0.0886980722924, 1703002784385941982
0.2426642481, 0.00338542282244, 0.170456779218, 0.916646313966, -0.365162248461, -0.136013976673, 0.088973397935, 1703002784385989904
0.242694433682, 0.00246957568387, 0.170494064814, 0.916486583849, -0.365540357945, -0.135922804993, 0.089205265661, 1703002784386034011
0.242731128966, 0.00156158289582, 0.170531156736, 0.916325864047, -0.365926484921, -0.135836366334, 0.0894046983865, 1703002784386084079
0.24277608316, 0.000523129504016, 0.170573924984, 0.91616957476, -0.366295760841, -0.135707598196, 0.0896893174539, 1703002784433844089
0.242816029315, -0.000447967873132, 0.170613041145, 0.916029679352, -0.366622533145, -0.135579697002, 0.0899760551389, 1703002784433904886
0.242855017306, -0.00141815458933, 0.170651979569, 0.915883407772, -0.366963008542, -0.135441209306, 0.09028517348, 1703002784433952093
0.242896797252, -0.00251351078589, 0.1706968027, 0.915717979889, -0.36734522139, -0.135270952205, 0.0906633284139, 1703002784433995962
0.242932786489, -0.00349865177042, 0.170734013797, 0.915567628646, -0.367693000432, -0.135129822288, 0.0909818989595, 1703002784435244083
0.242971216615, -0.00457689158093, 0.170776978791, 0.915399273038, -0.368085296444, -0.134982589014, 0.0913076454996, 1703002784448863029
0.243018811015, -0.00586824916825, 0.170829338168, 0.915225602414, -0.368483025917, -0.134794203148, 0.091721748207, 1703002784489995956
0.24304542512, -0.00682607665717, 0.170865111947, 0.915097871921, -0.368771457144, -0.134667888864, 0.0920220457839, 1703002784490078926
0.243075374668, -0.00786915126449, 0.170903797045, 0.914966338645, -0.369067309169, -0.13452552647, 0.0923515196242, 1703002784490145921
0.243101361602, -0.00881192936086, 0.170940532385, 0.914840170951, -0.369352401193, -0.134404550371, 0.0926373692828, 1703002784533863067
0.243128183865, -0.00977606573323, 0.170979059414, 0.914706735937, -0.369654668167, -0.134267687073, 0.0929473062691, 1703002784533924102
0.243149761097, -0.0108444852402, 0.171016808398, 0.91455091739, -0.370006805725, -0.134135452957, 0.0932698422801, 1703002784533971071
0.24316748237, -0.0118391156238, 0.171053458645, 0.914424730483, -0.37028792342, -0.134018465066, 0.0935591634876, 1703002784534022092
0.243186113231, -0.012836807724, 0.171088824448, 0.914299437702, -0.370570004377, -0.133913429249, 0.0938168617094, 1703002784534097909
0.243205232489, -0.0138819963087, 0.171126116862, 0.914165440385, -0.370875149109, -0.133815508573, 0.0940562653068, 1703002784577832937
0.243215573117, -0.0148285262699, 0.171156226281, 0.914050353662, -0.371131697212, -0.133731450833, 0.0942820945511, 1703002784577898025
0.243226528662, -0.0157674613236, 0.171188332583, 0.913935815711, -0.371387977344, -0.133644094408, 0.0945068837475, 1703002784577945947
0.243239002607, -0.0167625732295, 0.171221603404, 0.913804560221, -0.371689005181, -0.133565195901, 0.0947039998677, 1703002784577989101
0.243246859504, -0.0177284575283, 0.171251793581, 0.913659692377, -0.372026667406, -0.133505783064, 0.0948595338002, 1703002784584414958
0.243248583788, -0.0187027662105, 0.171279997674, 0.913524722163, -0.372337151955, -0.133451773231, 0.095017111576, 1703002784595174074
0.243257328428, -0.0196268196649, 0.171307086074, 0.913419070572, -0.372575171782, -0.133377903388, 0.0952033495947, 1703002784637919902
0.243264952475, -0.0205593844752, 0.17133307208, 0.913317553763, -0.372799617372, -0.133295662888, 0.0954136129193, 1703002784637984991
0.243278019988, -0.0214889577257, 0.171363145046, 0.913218461868, -0.373020214632, -0.133197548389, 0.0956366743574, 1703002784638034105
0.243290346668, -0.0224283091667, 0.171390837444, 0.913110679524, -0.373259932866, -0.133089689241, 0.0958803633357, 1703002784638078927
0.243300781333, -0.0234568034753, 0.171420503675, 0.912983774362, -0.373546650153, -0.132985124585, 0.0961170356893, 1703002784681961059
0.243319337151, -0.0244906647302, 0.17144935341, 0.912853501434, -0.373848523414, -0.132882172352, 0.0963228671279, 1703002784682059049
0.243346690715, -0.0254726704316, 0.171473181893, 0.912733169246, -0.374131637104, -0.132766210937, 0.0965236401537, 1703002784682142019
0.243379680739, -0.0265450773157, 0.171494613317, 0.91261567737, -0.374408856245, -0.132641423945, 0.0967310003987, 1703002784682219028
0.243409306649, -0.0274713812996, 0.171513107414, 0.912515765968, -0.374651346763, -0.13255042124, 0.0968593364526, 1703002784729902982
0.243443618545, -0.0283832805671, 0.171530509491, 0.912417255842, -0.374894278344, -0.132456895863, 0.0969752651233, 1703002784729963064
0.243480759378, -0.0292568520802, 0.171548145649, 0.912323205744, -0.375128989071, -0.132363362143, 0.0970801224817, 1703002784730010986
0.243511648115, -0.030232690637, 0.171565307973, 0.912205275761, -0.375416144976, -0.132260794601, 0.0972179776429, 1703002784730053901
0.24354926024, -0.0311530014008, 0.171582782795, 0.912095274363, -0.375686502605, -0.132141631927, 0.0973676093872, 1703002784730096101
0.243606069785, -0.0321965336297, 0.171596947852, 0.911974099247, -0.375988011918, -0.131980669306, 0.0975569583701, 1703002784773842096
0.243666599529, -0.0331198407695, 0.171615213491, 0.911877868719, -0.376232640888, -0.131824855786, 0.0977238960898, 1703002784773907899
0.243732256964, -0.0339682000086, 0.171629588895, 0.911786681078, -0.376475766189, -0.131688996608, 0.0978215408412, 1703002784773961067
0.243809727138, -0.0348584761484, 0.171651996275, 0.911687922779, -0.376745326973, -0.131549464359, 0.0978919224932, 1703002784774005889
0.243878239966, -0.0356754091971, 0.171675479775, 0.911584332164, -0.377021967158, -0.131414526505, 0.0979727709986, 1703002784781223058
0.243955264916, -0.036481559514, 0.171693748096, 0.911461388847, -0.377352929817, -0.131276891207, 0.0980269393341, 1703002784791094064
0.244026380947, -0.0372952297294, 0.171709659236, 0.911336877891, -0.377688181467, -0.131148485463, 0.0980653217864, 1703002784833970069
0.244104185366, -0.038202000356, 0.171729508516, 0.911201528016, -0.378053215451, -0.131011221451, 0.0980999565837, 1703002784834062099
0.244170436972, -0.0389995697695, 0.171742633841, 0.911077782671, -0.378387387458, -0.130898948689, 0.0981107749856, 1703002784834136009
0.244244946504, -0.0397901338103, 0.171757370287, 0.91096266725, -0.37870247922, -0.130770899254, 0.0981347187213, 1703002784834204912
0.244330296657, -0.0406086356703, 0.171778978851, 0.910855973946, -0.378993873854, -0.13060357737, 0.0982229295331, 1703002784878015041
0.244439539129, -0.0415195612535, 0.17180213683, 0.910733809304, -0.379332168784, -0.130389573417, 0.0983340910389, 1703002784878099918
0.244537820975, -0.0423519960024, 0.171824652304, 0.910621568656, -0.379641814461, -0.130198356743, 0.0984319019065, 1703002784878169059
0.244656882232, -0.0432916826441, 0.171850824878, 0.910513962842, -0.379944082984, -0.129958644041, 0.0985777262596, 1703002784878231048
0.244775207996, -0.0441497701016, 0.171874841934, 0.910415185953, -0.380228227397, -0.129731901067, 0.0986930500245, 1703002784921977043
0.244915243634, -0.0450454752096, 0.171898894745, 0.91030634279, -0.380551674575, -0.129489008396, 0.0987693371419, 1703002784922039985
0.24504368454, -0.0458590478689, 0.171921901971, 0.910222434609, -0.380804813766, -0.129254007778, 0.0988747430851, 1703002784922091960
0.245179083856, -0.0466775278516, 0.171946643594, 0.910137989243, -0.381060240435, -0.129001223617, 0.098998070701, 1703002784922137975
0.245288211761, -0.0474588726281, 0.171969448459, 0.910036964171, -0.381347102294, -0.128791274226, 0.0990955049343, 1703002784965848922
0.245394975864, -0.0482310144213, 0.171994252193, 0.909925381735, -0.38166084444, -0.128586685383, 0.0991779402796, 1703002784965913057
0.245549417809, -0.0490959248524, 0.172020813103, 0.909806259382, -0.382014745603, -0.128321027446, 0.0992522969333, 1703002784965960979
0.245688066816, -0.0498745409181, 0.172042777019, 0.909697470121, -0.382340566185, -0.128091307986, 0.0992915964376, 1703002784966005086
0.245857842171, -0.0507551704735, 0.172063652581, 0.909601416952, -0.382649008558, -0.127813002096, 0.0993420103677, 1703002785009831905
0.24607577807, -0.0516413530836, 0.172082123075, 0.909524818764, -0.382930846635, -0.127471470392, 0.0993961517512, 1703002785009892940
0.246308386856, -0.0525119208709, 0.172099981757, 0.909449569715, -0.383217397124, -0.127117187931, 0.0994340345087, 1703002785009942054
0.246571547851, -0.0533616067738, 0.172110814789, 0.909372095066, -0.383524193105, -0.126724251154, 0.0994612999566, 1703002785009990930
0.246818334857, -0.0540909012899, 0.172110936254, 0.909307180191, -0.383795701673, -0.126369296476, 0.0994590988255, 1703002785054104089
0.247090603498, -0.0547948798981, 0.172099241313, 0.909250755785, -0.384064004169, -0.125995837131, 0.0994130415546, 1703002785054169893
0.247402845222, -0.0555291378258, 0.172074814117, 0.909190727995, -0.38436730964, -0.125590547989, 0.0993025964606, 1703002785054218053
0.247706030078, -0.0561903766557, 0.172047694691, 0.909142961186, -0.38463682768, -0.125204067165, 0.0991843157121, 1703002785054263114
0.248060710525, -0.0569168791473, 0.172012659501, 0.909099534128, -0.384917928174, -0.124748554934, 0.0990657542295, 1703002785054306030
0.248386656944, -0.0575645846745, 0.17197841902, 0.909066703732, -0.385157806871, -0.124324173325, 0.0989681357793, 1703002785097978115
0.248757657308, -0.058255380777, 0.171941336511, 0.909026332239, -0.385436957623, -0.123840059989, 0.0988590842346, 1703002785098061084
0.249106451177, -0.0588543226499, 0.171902819737, 0.908972216348, -0.385738632481, -0.123393374807, 0.098738505014, 1703002785098126888
0.249535263703, -0.0594788591809, 0.171852400329, 0.908917307812, -0.38608340601, -0.122861533503, 0.0985594985244, 1703002785098187923
0.249917287758, -0.0600404613831, 0.171808633756, 0.908874382859, -0.386376612609, -0.122389170572, 0.09839390397, 1703002785104414939
0.250318760597, -0.0606627358595, 0.171763944198, 0.908822977947, -0.386700623171, -0.121888724536, 0.0982169110996, 1703002785115686893
0.250752635777, -0.0613226123965, 0.171718601021, 0.908786258887, -0.386997094926, -0.121332686108, 0.0980773340716, 1703002785161926984
0.251182317306, -0.0619226603291, 0.171675439342, 0.908754566348, -0.387278046182, -0.120792555516, 0.0979286047038, 1703002785161990880
0.25168654084, -0.0626001418132, 0.171621214229, 0.908719974369, -0.387599402075, -0.120152733701, 0.0977651895023, 1703002785162039041
0.252148382153, -0.0632241095906, 0.171580191564, 0.908700473036, -0.387858524558, -0.119551865148, 0.0976553468624, 1703002785162127971
0.252612005106, -0.0638465099633, 0.171540828649, 0.908681011225, -0.388113940062, -0.118942251168, 0.097566030235, 1703002785209808111
0.253166917647, -0.0645146556301, 0.171488106451, 0.908659536788, -0.388415986276, -0.118224262718, 0.0974366025379, 1703002785209867954
0.253718276184, -0.0651217691979, 0.171440561434, 0.908650301374, -0.388683130718, -0.117511248346, 0.097319886044, 1703002785209932088
0.254353715331, -0.0657660917466, 0.171383492281, 0.908646459049, -0.388975245018, -0.116704547549, 0.0971592497015, 1703002785209978103
0.254932438719, -0.0663158478574, 0.171332326682, 0.908643993081, -0.389241534904, -0.115983348169, 0.0969792982639, 1703002785210021018
0.255547472782, -0.0669337048672, 0.171280913802, 0.908642558972, -0.389518897501, -0.115207458374, 0.096803770846, 1703002785253814935
0.256118653123, -0.0674987756752, 0.171234889915, 0.908640871599, -0.389773339149, -0.114484365214, 0.0966531979321, 1703002785253873109
0.256758781218, -0.0681239551233, 0.171174328551, 0.90863464812, -0.390068128258, -0.113671793448, 0.0964813708815, 1703002785253920078
0.257363463122, -0.0686752314588, 0.171117734791, 0.908632058701, -0.390339216265, -0.112916844925, 0.0962957126651, 1703002785253972053
0.258040063264, -0.0692467943561, 0.171059981248, 0.908629314979, -0.390645706517, -0.112088202819, 0.0960465237726, 1703002785262269973
0.258737924115, -0.0697897784818, 0.171006575429, 0.908636674062, -0.390934405748, -0.111241280521, 0.0957865463366, 1703002785273571968
0.259377433269, -0.0702696066527, 0.170956650677, 0.908647522982, -0.391188518344, -0.110467564545, 0.0955412961894, 1703002785313800096
0.260040000877, -0.0708022590576, 0.17090860797, 0.908656047466, -0.39145395821, -0.109658621514, 0.0953046312251, 1703002785313869953
0.260612858773, -0.0712477786932, 0.170861942023, 0.908655960045, -0.391703824368, -0.108967539026, 0.0950712137728, 1703002785313920021
0.261208036959, -0.0716873160305, 0.170811344166, 0.908663439002, -0.391943977546, -0.108253524231, 0.0948253530327, 1703002785357868909
0.261885152844, -0.0722029458015, 0.170760689833, 0.908677179333, -0.392196343486, -0.107425101475, 0.0945920688485, 1703002785357928991
0.262515373535, -0.0726671102454, 0.170720282205, 0.908677493792, -0.392461713882, -0.106659056511, 0.0943549737823, 1703002785357980012
0.263145611867, -0.0731269699287, 0.170681652213, 0.908682822954, -0.392712075475, -0.105893256699, 0.0941242329626, 1703002785358023881
0.263790456855, -0.0735863838296, 0.170638271374, 0.908689844512, -0.392962693774, -0.105108751801, 0.0938894992956, 1703002785358064889
0.264520045086, -0.074116142996, 0.170595914467, 0.908704237058, -0.393226061542, -0.104212454401, 0.0936463476261, 1703002785401998043
0.265172801842, -0.0745951758722, 0.170560638531, 0.908712975112, -0.393467981983, -0.103410711953, 0.0934339374665, 1703002785402081012
0.265907932737, -0.0751014935709, 0.170520725274, 0.908724906834, -0.3937360747, -0.10251468735, 0.0931755657762, 1703002785402148008
0.266612853293, -0.0755838930414, 0.170484566222, 0.908739775837, -0.393981418212, -0.101652751752, 0.0929375057613, 1703002785402211904
0.26731420069, -0.0760417050013, 0.17045188564, 0.908753444706, -0.394229435439, -0.100805104369, 0.0926750230753, 1703002785409809112
0.267992735134, -0.0764280511041, 0.170412682616, 0.908772779936, -0.394455633481, -0.100000226367, 0.0923944932868, 1703002785419141054
0.268733470422, -0.0767738734543, 0.170365029403, 0.908803926551, -0.394681057032, -0.0991410630388, 0.0920507247442, 1703002785462055921
0.269518027064, -0.077100231936, 0.170314019731, 0.908842469803, -0.394904168132, -0.0982371708681, 0.0916816302994, 1703002785462140083
0.270388166389, -0.0774334070927, 0.170273134768, 0.908885971265, -0.395148248981, -0.0972438335612, 0.0912567224863, 1703002785462207078
0.271222415692, -0.0777622793285, 0.170234465562, 0.908926088591, -0.395381551699, -0.0962882310948, 0.0908590700336, 1703002785462269067
0.271991925896, -0.078047076784, 0.170192205862, 0.90896852045, -0.395581913749, -0.0954064224459, 0.0904919493768, 1703002785506345033
0.272758565157, -0.0783280820017, 0.170153061097, 0.909009389318, -0.395781680067, -0.094529939977, 0.0901270342506, 1703002785506475925
0.273533063231, -0.07860428001, 0.170112378126, 0.909050549604, -0.395983278913, -0.0936471055396, 0.0897472044715, 1703002785506561040
0.274396653481, -0.0788980145301, 0.170072982977, 0.909100597676, -0.396193637493, -0.0926628829674, 0.0893324970872, 1703002785506629943
0.275168872523, -0.079151837953, 0.170049334128, 0.909146331251, -0.3963759058, -0.0917815356246, 0.0889676311462, 1703002785549973964
0.27589728662, -0.0793868703779, 0.17002416485, 0.909183983255, -0.396561236258, -0.0909590068111, 0.0886009569316, 1703002785550038099
0.276739474767, -0.0796414205518, 0.169996170002, 0.909229661047, -0.396768729839, -0.0900113498217, 0.0881700368455, 1703002785550086021
0.277612675108, -0.0798967654054, 0.169965043681, 0.909280412176, -0.39697181447, -0.0890272648487, 0.0877305913726, 1703002785550129890
0.278390839278, -0.0801148684173, 0.16994188045, 0.909326689332, -0.397148264427, -0.0881521744216, 0.0873351147903, 1703002785593950033
0.279147284082, -0.0803297525636, 0.16992283488, 0.909367859178, -0.397326847176, -0.0873029725293, 0.0869463293967, 1703002785594013929
0.27999475453, -0.0805662798619, 0.169903872366, 0.909419800501, -0.397508470209, -0.0863462968979, 0.0865272187262, 1703002785594062089
0.280742798609, -0.0807601456398, 0.169897731569, 0.909463918793, -0.397671235309, -0.0855087414076, 0.0861465272878, 1703002785594105958
0.281573968054, -0.0809522446751, 0.169886061763, 0.909511799567, -0.397854642488, -0.084590117361, 0.0856999529974, 1703002785641956090
0.282383111072, -0.08113260432, 0.169875350041, 0.909557795928, -0.398033183925, -0.08369702559, 0.0852584791562, 1703002785642016887
0.283190535663, -0.0812928518537, 0.169870672364, 0.909605731511, -0.39820433579, -0.082807041017, 0.0848157657365, 1703002785642064094
0.284053406029, -0.0814439935923, 0.169862610028, 0.909665197383, -0.39836385123, -0.0818582740066, 0.0843486436117, 1703002785642108917
0.28487491266, -0.0815749583112, 0.1698526182, 0.909722315804, -0.398512234536, -0.0809580640148, 0.0838993380433, 1703002785642151117
0.285789551196, -0.0817153529632, 0.169847284953, 0.909790988617, -0.398660677234, -0.0799498670774, 0.0834148680528, 1703002785685995101
0.286675482985, -0.0818431651814, 0.169836159672, 0.909856348424, -0.398805103231, -0.0789786599583, 0.0829354335645, 1703002785686077117
0.287504208089, -0.0819502765615, 0.169826275102, 0.909917778072, -0.398937940269, -0.0780714805814, 0.0824803060227, 1703002785686144113
0.288411041603, -0.0820707042705, 0.169823481113, 0.909985230914, -0.399079130666, -0.0770800144065, 0.0819841348285, 1703002785686206102
0.289228063184, -0.0821730335722, 0.169817215911, 0.910045727167, -0.399203540583, -0.0761861024301, 0.081541311296, 1703002785692246913
0.290133897949, -0.0822829620207, 0.16981160764, 0.910113617428, -0.399337322338, -0.0751956146201, 0.0810464428688, 1703002785703493118
0.291001670185, -0.0823849085621, 0.169817167661, 0.910176679441, -0.399467485789, -0.0742472000984, 0.0805698037547, 1703002785745860099
0.291841653987, -0.0824869690997, 0.169827497764, 0.910234052537, -0.399598666435, -0.0733313224317, 0.0801086295997, 1703002785745932102
0.29261763475, -0.0825700458099, 0.169839961592, 0.910289828013, -0.399710070826, -0.0724859421634, 0.0796873671573, 1703002785745982885
0.293496131953, -0.0826613301026, 0.169858103939, 0.910354538411, -0.399829750734, -0.07152783638, 0.0792120789155, 1703002785790055036
0.294267196265, -0.0827400478059, 0.169878423224, 0.910412169801, -0.399930645806, -0.0706876152427, 0.0787935319295, 1703002785790123939
0.295108554362, -0.0828231283552, 0.169906992712, 0.910473347485, -0.400041227743, -0.0697718607598, 0.0783402008633, 1703002785790174007
0.295917438478, -0.0828999050485, 0.169939923199, 0.910534457395, -0.400138031159, -0.0688868023982, 0.0779176897174, 1703002785790260076
0.296780087786, -0.0829812603855, 0.169983537971, 0.910600977482, -0.400234557731, -0.0679446581392, 0.0774705236666, 1703002785790306091
0.297579716725, -0.0830515945079, 0.170025895127, 0.91066693423, -0.400310794773, -0.0670685461875, 0.0770636918401, 1703002785837866067
0.298417177939, -0.0831217029701, 0.170076479087, 0.910733556642, -0.400393456446, -0.0661526556468, 0.076637425532, 1703002785837929010
0.299242873744, -0.0831934170243, 0.170137363714, 0.910798675897, -0.400472717743, -0.0652487868093, 0.0762231601811, 1703002785837976932
0.300061365624, -0.0832565569034, 0.170191808135, 0.910867995838, -0.400536554593, -0.0643484050279, 0.0758237783532, 1703002785838021993
0.301012334092, -0.0833217540757, 0.170245241389, 0.910955507773, -0.400590834454, -0.0633007249332, 0.0753662021906, 1703002785841329097
0.301984574055, -0.0833857082233, 0.170297487424, 0.911045620965, -0.40064098839, -0.0622231298687, 0.0749063218367, 1703002785852248907
0.302825659538, -0.0834375441349, 0.170344355983, 0.911127123626, -0.400672151592, -0.0612943056959, 0.0745130835588, 1703002785893867015
0.303734201303, -0.0834912537535, 0.170396094751, 0.911212064291, -0.400710285142, -0.0602875232897, 0.0740895121352, 1703002785893928050
0.304632915093, -0.0835413652883, 0.170441954147, 0.911296739228, -0.400743648748, -0.0592929399564, 0.0736690459513, 1703002785893975019
0.305523330233, -0.0835894099687, 0.170489623455, 0.911385424475, -0.400762122614, -0.0583027594546, 0.0732606126898, 1703002785937874078
0.306344426421, -0.083632234213, 0.170532349117, 0.911464498341, -0.400782392016, -0.0573885909707, 0.0728868447725, 1703002785937933921
0.30721811509, -0.0836746601244, 0.170582900975, 0.911552398987, -0.400792188348, -0.0564152331157, 0.0724925315646, 1703002785937987089
0.307959648568, -0.0837086661874, 0.17063076836, 0.911625976056, -0.400799357913, -0.0555916127389, 0.0721631974807, 1703002785938033103
0.308707458792, -0.0837420490948, 0.170679850912, 0.911700098173, -0.400805131036, -0.0547576242412, 0.0718316122124, 1703002785938076019
0.309501577024, -0.0837742508097, 0.170733397632, 0.911782513812, -0.400799263537, -0.0538717747452, 0.0714872697748, 1703002785985881090
0.310547988122, -0.0838174305782, 0.170812070369, 0.911887427837, -0.400797070036, -0.0527017855412, 0.0710320308385, 1703002785985941886
0.311411369116, -0.0838492914692, 0.170879463423, 0.911975989401, -0.400786457892, -0.0517384726271, 0.0706621566099, 1703002785985994100
0.312257528223, -0.0838777285478, 0.170952590122, 0.912062426965, -0.400774642426, -0.0507936402311, 0.0702980897318, 1703002785986041069
0.313000739436, -0.0839067282946, 0.17102166151, 0.912138204083, -0.400762086381, -0.0499634995769, 0.0699806793391, 1703002785991624116
0.313807932751, -0.0839363785272, 0.171098240648, 0.91221700579, -0.400754394115, -0.0490614056988, 0.0696349654722, 1703002786002393007
0.31464505735, -0.0839674310787, 0.171173367202, 0.912299332102, -0.400742680067, -0.048125436927, 0.0692760805716, 1703002786045871019
0.31537317846, -0.0839936340432, 0.171244891385, 0.912371894261, -0.400727623239, -0.0473130873247, 0.0689664433079, 1703002786045936107
0.316257047476, -0.0840254199055, 0.171336385617, 0.912455550359, -0.400717513564, -0.0463251273145, 0.0685880858563, 1703002786045985937
0.317141533691, -0.0840588855523, 0.171419342092, 0.912539278371, -0.40070468371, -0.0453349035269, 0.0682097383501, 1703002786090027093
0.318056561865, -0.0840884101263, 0.17150388444, 0.912627418041, -0.400685757851, -0.044311114385, 0.0678133057513, 1703002786090111017
0.318941803943, -0.0841167187286, 0.171583233972, 0.912712970189, -0.400663109588, -0.0433185453219, 0.0674359718161, 1703002786090178966
0.319827128249, -0.0841454733162, 0.171657502613, 0.91279434844, -0.40064814165, -0.0423265865147, 0.0670522491956, 1703002786090240955
0.320638584189, -0.0841711933165, 0.171722524568, 0.912869728542, -0.400629977466, -0.0414176440349, 0.0667012640797, 1703002786090301990
0.321514610024, -0.0841993791569, 0.171801977657, 0.912949185387, -0.40061192983, -0.0404352738345, 0.0663238660569, 1703002786134016990
0.322303415009, -0.0842255113565, 0.171874657411, 0.913020100062, -0.400595003681, -0.0395493923913, 0.0659832211274, 1703002786134092092
0.323078686198, -0.0842481158064, 0.171947988213, 0.913091464762, -0.400572327486, -0.0386784203316, 0.0656488174397, 1703002786134155988
0.323856053878, -0.0842741579472, 0.172022718887, 0.91315960947, -0.400555230949, -0.0378056658166, 0.0653128335311, 1703002786134202957
0.32467463215, -0.0842992813545, 0.17210307347, 0.913230407332, -0.400536946549, -0.0368880458966, 0.0649588303693, 1703002786141216039
0.325506332288, -0.0843192367088, 0.17218257397, 0.913302269243, -0.400516622561, -0.0359560687068, 0.0645953649441, 1703002786152147054
0.326335995133, -0.0843412513018, 0.172267064733, 0.913373821726, -0.40049413965, -0.0350242890062, 0.0642339868892, 1703002786197834968
0.327081007676, -0.0843580939703, 0.172346173207, 0.913436599957, -0.400475798662, -0.034190377216, 0.0639040738283, 1703002786197897911
0.327904769462, -0.0843687394621, 0.172434773879, 0.9135035697, -0.400459548315, -0.0332717236445, 0.063532438289, 1703002786197946071
0.32863897569, -0.0843664762662, 0.172507337298, 0.913561573494, -0.400448890295, -0.0324584661724, 0.0631853279704, 1703002786197990894
0.329368485776, -0.0843601419089, 0.172583431125, 0.913616616666, -0.40044282575, -0.0316534947499, 0.062835319105, 1703002786241874933
0.330176248569, -0.084359719394, 0.172668671927, 0.913679449359, -0.400428309958, -0.0307553329741, 0.0624591218011, 1703002786241964101
0.33091207624, -0.0843496214486, 0.172748948442, 0.913735809485, -0.400416964932, -0.0299427558906, 0.0621011757501, 1703002786242034912
0.331684620424, -0.0843298320614, 0.172834564129, 0.91379218346, -0.400409590915, -0.0290951886805, 0.0617209441488, 1703002786242100000
0.332489255512, -0.0843010245478, 0.172918481753, 0.913850173561, -0.400403049198, -0.0282132181178, 0.0613129089059, 1703002786285974979
0.333267663923, -0.0842689076106, 0.173000039149, 0.913903027041, -0.400403052927, -0.0273633115921, 0.0609089611661, 1703002786286061048
0.333922902042, -0.084238591918, 0.173070070845, 0.913945805619, -0.400405505136, -0.026650099789, 0.0605662284594, 1703002786286130905
0.335062198539, -0.0841705334416, 0.173206029856, 0.914022273635, -0.400402488964, -0.0254161830064, 0.0599595511373, 1703002786286194086
0.335888794711, -0.0841076946099, 0.173305438034, 0.914075640808, -0.400403680289, -0.0245246504684, 0.0595076231395, 1703002786329843044
0.336706202196, -0.0840291855679, 0.173397331456, 0.914128453863, -0.400404352793, -0.023649141411, 0.0590444088202, 1703002786329905033
0.337436206314, -0.0839582859033, 0.173477178801, 0.914175310482, -0.400403754085, -0.0228685837798, 0.0586290311723, 1703002786329953908
0.338246595652, -0.0838806987758, 0.173567842583, 0.914228184383, -0.400398174965, -0.0220010832206, 0.0581728519311, 1703002786329998016
0.339065918197, -0.0837994930503, 0.173663760975, 0.914285609764, -0.400379687937, -0.0211233237466, 0.0577211786153, 1703002786373883008
0.339879646375, -0.0836972516197, 0.173767684075, 0.914340028212, -0.400367489438, -0.0202591776812, 0.057251654389, 1703002786373944044
0.340654418248, -0.0835965227898, 0.173874309554, 0.914392510112, -0.400352115588, -0.0194376184638, 0.0568040490069, 1703002786373991966
0.341348759493, -0.0834972115809, 0.173956845648, 0.914437678275, -0.40034167106, -0.0187024363025, 0.0563959026869, 1703002786374036073
0.342143059201, -0.083376177852, 0.174044529279, 0.914489426789, -0.400328077116, -0.017864153232, 0.0559230810448, 1703002786417821884
0.342947612051, -0.0832492696386, 0.174140883719, 0.914541274074, -0.400313046225, -0.0170136897753, 0.0554459862973, 1703002786417879104
0.343650575266, -0.0831143753688, 0.174239237554, 0.914589965702, -0.400290926533, -0.0162815899337, 0.0550207106543, 1703002786417927026
0.344326620546, -0.0829648888852, 0.174338228425, 0.914634706007, -0.400275289436, -0.015581863057, 0.0545916914768, 1703002786417969942
0.345057337761, -0.0827825281208, 0.174431334879, 0.91468327566, -0.400258260624, -0.0148329226395, 0.0541092823446, 1703002786462070941
0.34577667098, -0.0825770082729, 0.1745199358, 0.914726997341, -0.400252194438, -0.0141101668184, 0.0536060106194, 1703002786462132930
0.346501260591, -0.082361644895, 0.174608449186, 0.91477340897, -0.400238280844, -0.0133801490503, 0.0531027343876, 1703002786462181091
0.347232987776, -0.0821278210775, 0.17469813965, 0.914822341877, -0.400218162903, -0.0126468634686, 0.0525886083678, 1703002786462224960
0.347880882093, -0.0819142931179, 0.17478844712, 0.914871103829, -0.400184637371, -0.0119949072603, 0.0521463478194, 1703002786510047912
0.348593019521, -0.081665958193, 0.174892974289, 0.91492106569, -0.40015659515, -0.0112876853107, 0.0516404015685, 1703002786510129928
0.349265187061, -0.0814356253968, 0.174984780935, 0.914970401591, -0.400122488134, -0.0106154518474, 0.0511709965181, 1703002786510191917
0.350024254514, -0.081174127757, 0.175083917737, 0.915025559519, -0.400083223015, -0.00985651344773, 0.0506407862357, 1703002786510242938
0.350797064091, -0.0808887999303, 0.175182974393, 0.915081709064, -0.400042795162, -0.00909136419579, 0.050085675326, 1703002786510287046
0.351490590391, -0.0806301366923, 0.175290098466, 0.91513527123, -0.399996255617, -0.00840001131049, 0.0495970831029, 1703002786557919025
0.35215650913, -0.0803861752929, 0.175390887615, 0.915193170817, -0.399932794951, -0.00773255277984, 0.0491469962524, 1703002786558007955
0.352822599851, -0.0801203787531, 0.175489047125, 0.915249061793, -0.39987485685, -0.0070723503515, 0.048674794357, 1703002786558059930
0.353575612443, -0.079809708045, 0.175595749528, 0.915304319875, -0.399827861701, -0.00633478330697, 0.0481201989362, 1703002786558105945
0.35421588248, -0.0794915625047, 0.175689588595, 0.915350248744, -0.399793808707, -0.00572976111369, 0.0476025470075, 1703002786558147907
0.354925624533, -0.0791232419524, 0.175783894968, 0.915405602979, -0.399744400254, -0.00505878826357, 0.0470255798715, 1703002786601861953
0.355388951192, -0.0788705325416, 0.175848809136, 0.915436438531, -0.399724946408, -0.00462688384087, 0.0466335305876, 1703002786601919889
0.356331267566, -0.0783303052068, 0.175987137631, 0.915495619449, -0.399694744668, -0.00376474970621, 0.045800747968, 1703002786601965904
0.357035556668, -0.0778694112612, 0.176098415598, 0.915538410194, -0.399678151632, -0.00314210021823, 0.0451322697684, 1703002786602010011
0.357711145971, -0.0773815151965, 0.176189309798, 0.915579135713, -0.399664852902, -0.00255959673092, 0.0444555965719, 1703002786609272956
0.358313505719, -0.0769543992964, 0.176275859514, 0.915625328137, -0.399624586459, -0.002025756292, 0.0438901433492, 1703002786619575977
0.358979731341, -0.076467497407, 0.176370874174, 0.915667585206, -0.399601522917, -0.00144867849556, 0.0432365310379, 1703002786661925077
0.359628493272, -0.0759614021996, 0.176462561607, 0.91571293118, -0.39956884789, -0.000896897464219, 0.0425882500211, 1703002786661988019
0.360202038994, -0.0754988513742, 0.176549564773, 0.915755461243, -0.399532753306, -0.000406665960264, 0.0420160548242, 1703002786662045955
0.360823668048, -0.0749901807456, 0.176648135954, 0.915816389802, -0.399454825939, 0.000132491912712, 0.0414266176505, 1703002786709914922
0.361454149894, -0.074473418613, 0.176751160233, 0.915881662411, -0.399365153959, 0.000682872158416, 0.0408385595776, 1703002786709978103
0.362081942777, -0.0739298290036, 0.17684809317, 0.915941355413, -0.399289562599, 0.00121750721164, 0.0402218388415, 1703002786710026025
0.362677126009, -0.0733378643528, 0.176941915642, 0.916002603003, -0.399210561956, 0.0016992358829, 0.0395887750802, 1703002786710071086
0.363225996091, -0.0727933685271, 0.177025591546, 0.916062961132, -0.399126283354, 0.00214788261901, 0.039015993885, 1703002786710114002
0.363831066799, -0.0722030645287, 0.177120050199, 0.916134813228, -0.399017093422, 0.00265065737446, 0.0384101179808, 1703002786753927946
0.364351198392, -0.0716437971233, 0.177209461917, 0.916193319042, -0.398934014341, 0.00306040090775, 0.0378429424172, 1703002786753988981
0.364881170693, -0.0710064914022, 0.177297118257, 0.916258583306, -0.398839334742, 0.00345934733653, 0.0372213177669, 1703002786754075050
0.365425007043, -0.0703442742089, 0.177373457126, 0.916324832281, -0.398743165877, 0.00386618429802, 0.0365751559227, 1703002786754121065
0.365920663526, -0.0697330407122, 0.177447005088, 0.91638495679, -0.398655850985, 0.00423171470223, 0.035975214173, 1703002786758152961
0.366536850943, -0.0690418632523, 0.177540460412, 0.916446297806, -0.398573062649, 0.0047037368445, 0.0352643138042, 1703002786769576072
0.367124609338, -0.0683545547752, 0.177631797767, 0.916494703243, -0.398519647511, 0.00513711894727, 0.0345421406977, 1703002786809833049
0.367778651846, -0.0675754952789, 0.177740955959, 0.91654837353, -0.39845944279, 0.00561882387653, 0.0337280335832, 1703002786809896945
0.368368058481, -0.0668767871052, 0.177842502655, 0.916601659275, -0.398390202006, 0.00606038024686, 0.0330138902795, 1703002786809946060
0.368994032048, -0.0661264143333, 0.17795253116, 0.916662397977, -0.398303829657, 0.00653183037069, 0.0322713899375, 1703002786858069896
0.369580424392, -0.0653889894073, 0.178052829593, 0.916727592495, -0.398202527881, 0.0069704534894, 0.0315702506482, 1703002786858169078
0.370091531693, -0.0647086334792, 0.178133948689, 0.916793716185, -0.398092045883, 0.00734566028993, 0.0309523220905, 1703002786858252048
0.370600089573, -0.0639891470772, 0.178215156213, 0.916851677537, -0.398002805719, 0.00770006838665, 0.0302898825483, 1703002786858331918
0.371157867535, -0.0631902801448, 0.178315667728, 0.916920695852, -0.397890283542, 0.00808808963882, 0.0295692845026, 1703002786858408927
0.371658912766, -0.0624688295004, 0.178410984123, 0.916986911449, -0.397776228349, 0.00844542808317, 0.0289439309105, 1703002786901887893
0.372206991989, -0.0616766587964, 0.178511318723, 0.917067690594, -0.397629524175, 0.00884057754458, 0.0282746628847, 1703002786901952981
0.372701617746, -0.0609439097831, 0.178597797638, 0.917144089827, -0.397488017155, 0.00919527337087, 0.027666616354, 1703002786902004003
0.3732257132, -0.0601375823206, 0.178694444409, 0.917220645794, -0.397349095471, 0.00955727360001, 0.0269933654464, 1703002786902049064
0.373673513829, -0.059381508143, 0.17877372878, 0.917289336764, -0.397225063545, 0.00984568423434, 0.0263739275311, 1703002786905359983
0.374112053626, -0.0585912449236, 0.178849650612, 0.917353794059, -0.397112038978, 0.0101113587838, 0.0257255796331, 1703002786915549039
0.374545171027, -0.0578124028081, 0.178930408176, 0.91742541103, -0.396979226026, 0.0103820176587, 0.0251062344921, 1703002786961793899
0.374989084544, -0.0569601646992, 0.1790184528, 0.91750124211, -0.396838527407, 0.0106404299938, 0.0244424864011, 1703002786961854934
0.375426003455, -0.0561117064133, 0.179096028496, 0.917576046417, -0.396698747374, 0.0108948019891, 0.0237824759638, 1703002786961901903
0.37581119943, -0.055348479136, 0.179161483287, 0.917651736238, -0.39655083159, 0.0111258597203, 0.0232151715557, 1703002786961946010
0.376231108862, -0.0545051516803, 0.179238773947, 0.917729729372, -0.396400167686, 0.0113685015888, 0.0225789294958, 1703002787002000093
0.376660290592, -0.053659582605, 0.179324249166, 0.917817204461, -0.396224589175, 0.0116293042809, 0.0219639115525, 1703002787002080917
0.377044285493, -0.0528680149547, 0.179400405066, 0.917904507942, -0.396045695503, 0.0118599288157, 0.0214117598874, 1703002787002146959
0.377480940188, -0.0519593779542, 0.179483191634, 0.917996625201, -0.395858637962, 0.0121184926723, 0.0207672098622, 1703002787002207040
0.377876688971, -0.0511125295906, 0.179560789867, 0.918079154433, -0.395691261695, 0.012344286603, 0.0201670573727, 1703002787045974016
0.378285242601, -0.0501388947361, 0.179641679451, 0.918166976671, -0.395515986061, 0.0125430143113, 0.019472557958, 1703002787046107053
0.378693046712, -0.0491150729503, 0.179718166657, 0.918253783095, -0.395344118713, 0.0127242369843, 0.0187379674594, 1703002787046178102
0.379048969239, -0.0480901868466, 0.179782637546, 0.91833997052, -0.395172609895, 0.0128491635514, 0.0180334669389, 1703002787046242952
0.379396772669, -0.0470854402419, 0.17985046253, 0.918431898737, -0.394985007134, 0.0129754756594, 0.0173588177418, 1703002787089972019
0.379736533553, -0.0461060030568, 0.17991407369, 0.91852574925, -0.394790306485, 0.0131066993645, 0.0167115619029, 1703002787090030908
0.380004576256, -0.0453046286591, 0.179963041518, 0.918605788162, -0.394621832297, 0.0132075075262, 0.0162042332117, 1703002787090079069
0.380396521928, -0.0441210877384, 0.18004121627, 0.918717400015, -0.394387734683, 0.0133512944984, 0.0154400964236, 1703002787090125083
0.380661830143, -0.0432345774049, 0.180097331495, 0.918811304066, -0.394186556219, 0.0134345113563, 0.0149083976495, 1703002787133811950
0.380956178771, -0.0422536716807, 0.180160451635, 0.918923455146, -0.393942214723, 0.0135404375609, 0.0143482260722, 1703002787133872032
0.381243147599, -0.0412597126712, 0.180215644088, 0.919031571129, -0.393706376014, 0.0136394412812, 0.0137922585311, 1703002787133918046
0.381516021348, -0.0402644335245, 0.180268049403, 0.919128865314, -0.393496829047, 0.0137090818836, 0.0132074051165, 1703002787133960962
0.381773725688, -0.0393274814623, 0.180315183907, 0.919213067651, -0.393317154833, 0.013766402304, 0.0126268817324, 1703002787177906990
0.382046502937, -0.0382695781641, 0.180369817929, 0.919303086564, -0.39312597683, 0.0138072073823, 0.0119650490573, 1703002787177972078
0.382289476092, -0.0373295107013, 0.180422310173, 0.919388492393, -0.392942204687, 0.0138455944428, 0.0113808323771, 1703002787178020000
0.382514224968, -0.0364302800287, 0.180473084979, 0.919483581424, -0.392732976107, 0.0138859740698, 0.0108596820019, 1703002787178064107
0.382753936132, -0.035483207059, 0.180521480836, 0.919594207256, -0.392485676974, 0.0139467686995, 0.0103428716727, 1703002787221908092
0.382975796032, -0.0345983662619, 0.180561498018, 0.919690548036, -0.392270988117, 0.0139954030951, 0.00984359826034, 1703002787221971988
0.383215969097, -0.0335952701361, 0.180609880473, 0.919803716732, -0.392017017747, 0.0140466172178, 0.00929908742304, 1703002787222019910
0.383406586944, -0.0326801109464, 0.180654846263, 0.919916059275, -0.391762919777, 0.0140704292231, 0.00884768876837, 1703002787222073078
0.383617245477, -0.0316681384639, 0.180704465514, 0.920026192687, -0.391513882118, 0.0141020190555, 0.00835571280591, 1703002787265830993
0.383816429567, -0.0307393739252, 0.180745558038, 0.92011987898, -0.391301913207, 0.0141385424931, 0.00789446913203, 1703002787265888929
0.383997638097, -0.0296786129151, 0.180783392592, 0.920224020242, -0.391068022267, 0.0141177694405, 0.00736499253672, 1703002787265937089
0.384151126905, -0.0286700465948, 0.180813539499, 0.920316585193, -0.390861814167, 0.0140628145544, 0.00683099498252, 1703002787265980005
0.384327753376, -0.0275478074846, 0.180846190258, 0.920423814563, -0.390621461948, 0.0140058946821, 0.00622173319722, 1703002787309864044
0.384482711761, -0.0264387609777, 0.180882488555, 0.920530594881, -0.390381145269, 0.0139337545421, 0.00564232135226, 1703002787309926986
0.384611265344, -0.0254667373624, 0.180912463606, 0.920634637507, -0.390144297814, 0.0138753583208, 0.00517354206194, 1703002787309976100
0.384754701932, -0.0244202863684, 0.180940212707, 0.920763772442, -0.389846700061, 0.013836812743, 0.00470833551404, 1703002787310019969
0.384878540655, -0.0233600257864, 0.180968134944, 0.920893886358, -0.389546610901, 0.0137774293303, 0.00425093462392, 1703002787310060977
0.384989196175, -0.02242201878, 0.180993621017, 0.921005549104, -0.389288397686, 0.0137285869371, 0.00385329049926, 1703002787357872009
0.38510872234, -0.0214303855002, 0.181019688859, 0.921123411056, -0.389014801317, 0.0136858107493, 0.00344159055721, 1703002787357932090
0.385216456001, -0.0204361181094, 0.181041954272, 0.92123564007, -0.388754322726, 0.0136298121817, 0.00303319073907, 1703002787357980966
0.385314248201, -0.0195482080412, 0.181067041974, 0.921340904417, -0.388509236861, 0.0135806484187, 0.00266020879169, 1703002787358027935
0.385406073383, -0.0186635834879, 0.181087096143, 0.921443665166, -0.388270019807, 0.0135196973863, 0.00227627481704, 1703002787361129045
0.385500853705, -0.0176495450374, 0.181106868176, 0.921554610258, -0.388012441105, 0.0134236078141, 0.00180350010898, 1703002787372392892
0.385586774511, -0.0167065487814, 0.181124124062, 0.921663165835, -0.387759161823, 0.0133396221368, 0.00137682482694, 1703002787417963981
0.385673565897, -0.0156670969906, 0.181142804983, 0.921792210803, -0.387456742877, 0.0132482252378, 0.000936499230834, 1703002787418060064
0.385748636542, -0.0146438362008, 0.181158380139, 0.921917374714, -0.387162641556, 0.0131588725669, 0.00053596281667, 1703002787418143033
0.385812681016, -0.0137245998895, 0.181175557324, 0.922027956883, -0.386902248221, 0.0130790970948, 0.000185113523282, 1703002787418221950
0.385871661177, -0.0127072766063, 0.181188287934, 0.922146854079, -0.386622047419, 0.0129821294261, -0.000190465127226, 1703002787461834907
0.385924258958, -0.011820766702, 0.181201106289, 0.922254920699, -0.386366325722, 0.0129104097417, -0.000494888292606, 1703002787461895942
0.385962100012, -0.0109563543669, 0.181206336039, 0.922361773892, -0.386113530949, 0.0128251288345, -0.000784442738994, 1703002787461944103
0.385997862223, -0.010067716512, 0.181217566122, 0.922468671538, -0.385860495922, 0.0127291638734, -0.00109366611995, 1703002787461987972
0.386029052901, -0.00914911201338, 0.181221939908, 0.922567496402, -0.385626759425, 0.0126155981322, -0.00143655176252, 1703002787505892038
0.38605240045, -0.00810954486645, 0.181224702196, 0.922680300543, -0.385359825052, 0.0124712597447, -0.0018264463546, 1703002787505954980
0.386074869201, -0.00714356227593, 0.181230628914, 0.922794180507, -0.385089422053, 0.0123376517835, -0.00219540297299, 1703002787506001949
0.386089277623, -0.00607532037077, 0.1812304398, 0.922913044115, -0.384807239876, 0.0121651021868, -0.00262895983492, 1703002787506052017
0.386104804078, -0.00512890378828, 0.181236761188, 0.923027410752, -0.384534499479, 0.012026008265, -0.00299880587495, 1703002787549848079
0.386111012009, -0.00412820138869, 0.181234364561, 0.923155077104, -0.384229567852, 0.0118755092502, -0.00336379023896, 1703002787549909114
0.386123864751, -0.00325804483002, 0.181239881607, 0.923268350426, -0.383958070454, 0.0117569864094, -0.00367783965683, 1703002787549957036
0.386130949844, -0.00238606886831, 0.181240172904, 0.923374443638, -0.383703557217, 0.0116302446707, -0.00399429900125, 1703002787550000905
0.386135435437, -0.00139386138098, 0.181240790009, 0.923475025058, -0.383461905088, 0.0114692812168, -0.00439329367781, 1703002787550043106
0.386136880645, -0.000491936604338, 0.181239623541, 0.923588683477, -0.38318829284, 0.011332018647, -0.00471819220323, 1703002787593879938
0.386136648435, 0.000475737781085, 0.181238210624, 0.923724164006, -0.38286144979, 0.011205068196, -0.00502250372003, 1703002787593947887
0.386137242038, 0.00145258393882, 0.181240154344, 0.923848114147, -0.382561723918, 0.0110804648183, -0.00533035458863, 1703002787593995094
0.386134014454, 0.00235905630575, 0.181237711324, 0.923946411921, -0.382323620758, 0.0109514716396, -0.00563401963059, 1703002787594038963
0.386123637093, 0.00327790010675, 0.181229913927, 0.924047118358, -0.382079454818, 0.0108131804129, -0.00594040318295, 1703002787601288080
0.386117561154, 0.00431590931085, 0.181227750224, 0.924160580818, -0.38180330314, 0.0106511858094, -0.00632541022759, 1703002787613792896
0.386110252945, 0.00534045802629, 0.181227740013, 0.924274917772, -0.38152435195, 0.0104876612541, -0.00671224315943, 1703002787657835006
0.386103255625, 0.00626193338968, 0.181226423208, 0.924378908593, -0.381270149946, 0.0103449043625, -0.00704904689154, 1703002787657896041
0.386092039444, 0.00724568574209, 0.181223146283, 0.924490863548, -0.380996099994, 0.0101966614535, -0.00739209725208, 1703002787657943010
0.386076651742, 0.00810377168601, 0.181215401775, 0.924599101365, -0.380731442964, 0.0100818035339, -0.00764377720811, 1703002787657988071
0.386061551763, 0.00904745514575, 0.181211844047, 0.924721849929, -0.380430928241, 0.00996536504555, -0.00790573212802, 1703002787702079057
0.386046746345, 0.0100012057677, 0.181208597743, 0.924831786335, -0.380160596511, 0.00983177108909, -0.00821121930457, 1703002787702210903
0.386024780874, 0.0109277424752, 0.181200318482, 0.92494526317, -0.379881528741, 0.0096973347161, -0.00849976241053, 1703002787702279090
0.386005328229, 0.0118464117288, 0.181194649896, 0.925055162204, -0.379610547321, 0.00956604079938, -0.00879034155891, 1703002787702341079
0.385984254986, 0.0126718788147, 0.181186614649, 0.925143783679, -0.379391139937, 0.00943462393186, -0.00907360615284, 1703002787745822906
0.38595923589, 0.0135915670791, 0.181178420762, 0.925228166079, -0.379180895599, 0.00927714318386, -0.00941401727225, 1703002787745904922
0.385936733733, 0.0144281647344, 0.181172181993, 0.925312407234, -0.378971021368, 0.0091357510051, -0.00971864372376, 1703002787745975017
0.385910571153, 0.0153647710439, 0.181164927102, 0.925409840838, -0.378727925477, 0.00898386692999, -0.010053610246, 1703002787746083974
0.385874658401, 0.0163613962683, 0.181152487332, 0.925496445319, -0.378510110635, 0.0087965137805, -0.0104425664678, 1703002787793919086
0.385843733704, 0.017280797232, 0.181143982378, 0.925580098426, -0.378299233321, 0.00862699474401, -0.0108049261125, 1703002787793977022
0.385810316413, 0.0182540730635, 0.181135084693, 0.925676163377, -0.378057609578, 0.0084579953428, -0.0111600497568, 1703002787794024944
0.385774321663, 0.0191789159393, 0.181123797156, 0.925776665145, -0.377806204998, 0.00832094725438, -0.011436764163, 1703002787794095039
0.385738045396, 0.0199998072668, 0.181110798766, 0.925856998409, -0.377604672911, 0.00819739377431, -0.0116761392472, 1703002787794142007
0.385697057159, 0.0209040090226, 0.181097231104, 0.925927632089, -0.377425601749, 0.00805045004862, -0.0119635083926, 1703002787837838888
0.385648122476, 0.0217984015334, 0.181076223609, 0.926005182781, -0.377229908987, 0.00790516906776, -0.01222724543, 1703002787837992906
0.385601520698, 0.0225884216634, 0.181055092005, 0.926077337073, -0.377048347638, 0.00778262201858, -0.0124394572789, 1703002787838083028
0.385546155647, 0.0234553134111, 0.181029319981, 0.926158546315, -0.376844235987, 0.00765190488691, -0.0126576949619, 1703002787838171958
0.385480276994, 0.0242529482642, 0.18099271654, 0.926224112138, -0.376679422601, 0.00751639369372, -0.012845641636, 1703002787846524000
0.385413647757, 0.0251351634878, 0.180957746003, 0.926277720178, -0.376542557654, 0.00736884128081, -0.0130762209708, 1703002787857481956
0.385342271152, 0.0260049227548, 0.180917573633, 0.926340553828, -0.376383131004, 0.00721960338243, -0.0132964039156, 1703002787897852897
0.385266011159, 0.0268075543149, 0.180872222223, 0.926395789416, -0.376242454392, 0.0070639393385, -0.0135113888048, 1703002787897923946
0.385176941111, 0.0277104079998, 0.180820800356, 0.926454882216, -0.37609035018, 0.00686965524342, -0.0137915755554, 1703002787897973060
0.385100648671, 0.0285087501871, 0.180775442859, 0.926519988687, -0.375924067029, 0.00670729435932, -0.0140292050399, 1703002787941862106
0.385019236488, 0.0292877097276, 0.180726701027, 0.926593610356, -0.375737182561, 0.00654622459429, -0.0142477307859, 1703002787941921949
0.38492060301, 0.0301477722256, 0.180665434904, 0.926678796421, -0.375521530963, 0.00636502162627, -0.0144732355078, 1703002787941968917
0.384813776037, 0.0310065762452, 0.180601206526, 0.926773225536, -0.375284119711, 0.00619689324983, -0.0146566174953, 1703002787942013978
0.384707619538, 0.0317963333367, 0.180536287565, 0.926852135512, -0.375085560069, 0.00603689129968, -0.0148154469692, 1703002787942055940
0.384593179282, 0.032600854495, 0.180468521163, 0.926930063928, -0.374889241455, 0.00586421439842, -0.0149774569825, 1703002787985814094
0.384450155042, 0.0334639957838, 0.180388564113, 0.92702569049, -0.374649845954, 0.00566695906255, -0.0151244065182, 1703002787985877990
0.384327635797, 0.0341511623663, 0.180313853787, 0.927110440535, -0.374438788385, 0.00551225311567, -0.0152131479215, 1703002787985929965
0.384165819207, 0.0350978202674, 0.180217803966, 0.92719322483, -0.374229594069, 0.00528469656952, -0.0153950230249, 1703002787985975027
0.384010045977, 0.0359806011948, 0.180125158142, 0.927259205062, -0.374061344993, 0.00505722550371, -0.0155852905118, 1703002787994137048
0.383856336716, 0.0367840001776, 0.180035054617, 0.92733884079, -0.373860082623, 0.0048414727295, -0.0157439869438, 1703002788004467964
0.383678884914, 0.0376733861873, 0.179929554752, 0.927427486068, -0.373635214845, 0.00458842843187, -0.0159352012078, 1703002788049823045
0.383515763306, 0.0385055186878, 0.17983004003, 0.927507995127, -0.373429963635, 0.0043532629647, -0.0161254561904, 1703002788049884080
0.383319201544, 0.0394500317916, 0.179711684084, 0.927593484318, -0.373210494845, 0.00406124785433, -0.0163633937257, 1703002788049931049
0.383104041189, 0.040366315823, 0.179592086683, 0.927673893765, -0.373004241413, 0.00375434097918, -0.0165797358039, 1703002788049976110
0.382905932022, 0.0411688811288, 0.179479732308, 0.927751091892, -0.372807306023, 0.00348158277747, -0.0167482133372, 1703002788093851089
0.382671176541, 0.0420175993347, 0.17935450203, 0.92784791861, -0.372562244954, 0.00317503654795, -0.0168977131502, 1703002788093911886
0.382435843002, 0.0428337693798, 0.179234020382, 0.927946381386, -0.37231328976, 0.00287350362312, -0.017031456718, 1703002788093960046
0.38221158121, 0.043626281627, 0.179121598518, 0.928042257768, -0.372070640637, 0.00258854074685, -0.0171553382369, 1703002788094005107
0.381994342702, 0.0444321456411, 0.179021069494, 0.928135231351, -0.37183395972, 0.00230801819142, -0.0172965828034, 1703002788137999057
0.381765205974, 0.045239262158, 0.17891859741, 0.92823891063, -0.371571455103, 0.00202152603195, -0.0174095369651, 1703002788138092994
0.3815463861, 0.0459581301854, 0.178829778306, 0.928333395182, -0.371333558241, 0.00176654075943, -0.0174749891998, 1703002788138166904
0.381333065918, 0.0466733551224, 0.178744644043, 0.928427012853, -0.37109796592, 0.00152266706048, -0.0175289183811, 1703002788138217926
0.38110840964, 0.0474511488407, 0.178660561263, 0.928534642351, -0.370826749549, 0.00126668431243, -0.0175879300887, 1703002788182030916
0.380859737598, 0.0482391151729, 0.178575473997, 0.92863890796, -0.370563747546, 0.000978678400157, -0.0176445406881, 1703002788182142972
0.380623969052, 0.0489672782694, 0.178498955352, 0.928712999315, -0.37037453084, 0.000689977337222, -0.0177312080818, 1703002788182281017
0.380372256954, 0.0497007448711, 0.178421466472, 0.928779824682, -0.370202302267, 0.000370892432244, -0.0178369026964, 1703002788182354927
0.380133367962, 0.0504470366562, 0.178352562288, 0.92886039157, -0.369994542663, 6.42083076359e-05, -0.0179557024416, 1703002788225809097
0.379855531593, 0.051292269952, 0.17827122292, 0.928950677546, -0.3697595644, -0.000307576438308, -0.0181220478592, 1703002788225869894
0.379596480149, 0.0520392123987, 0.17819282373, 0.929043980328, -0.369518587745, -0.000638051649394, -0.0182452409379, 1703002788225918054
0.379320290163, 0.0528530560827, 0.178110199599, 0.929152012942, -0.36924050716, -0.000981285348305, -0.0183581534299, 1703002788225961923
0.379057211759, 0.0535653498452, 0.178034879781, 0.929251512146, -0.368985788162, -0.00129219546738, -0.0184240478703, 1703002788273870944
0.378781602202, 0.0542387660875, 0.1779541732, 0.929340721826, -0.368758152465, -0.0016072691654, -0.0184570970764, 1703002788273931980
0.378500714399, 0.0548873644822, 0.177868926705, 0.929434666047, -0.368519678852, -0.00191906660052, -0.0184598221201, 1703002788273986101
0.378160944321, 0.0555958577438, 0.177771281144, 0.929540398906, -0.368250915092, -0.00229934118707, -0.018455984549, 1703002788274032115
0.377844892825, 0.0562395638236, 0.177684235626, 0.929624037353, -0.368035872742, -0.00266918711889, -0.0184829919034, 1703002788274074077
0.37751596367, 0.0568868890682, 0.177597225171, 0.929709467709, -0.367815177685, -0.00305984667498, -0.0185185867615, 1703002788322115898
0.377171851194, 0.0574978815195, 0.177506271301, 0.929803588494, -0.367574678072, -0.0034478762846, -0.0185001354659, 1703002788322216987
0.376767790411, 0.0581782639719, 0.177403220743, 0.929889758268, -0.36735250155, -0.00391394479554, -0.0184894053161, 1703002788322302103
0.376354016949, 0.0588545661492, 0.177291640291, 0.929989160649, -0.367097612083, -0.00437675629812, -0.018448530641, 1703002788322424888
0.375928404434, 0.0595251329423, 0.177188936238, 0.930105303369, -0.366801708861, -0.00483398795842, -0.0183647374642, 1703002788322504997
0.375468136928, 0.0602197981014, 0.177077269057, 0.930209481857, -0.366533679072, -0.00534480774311, -0.0182979506905, 1703002788365916967
0.375052973936, 0.0608557480656, 0.176971980994, 0.930283112284, -0.366341574664, -0.00581329693715, -0.0182588951137, 1703002788365981101
0.374546290097, 0.0616148148537, 0.176846204981, 0.930372082579, -0.366109378651, -0.00637887137309, -0.0181939776181, 1703002788366029024
0.37408509632, 0.0623123124515, 0.176734294832, 0.930460863815, -0.365877055593, -0.00689342890467, -0.018139507658, 1703002788366072893
0.373644166662, 0.0629615590856, 0.176631184697, 0.930537664172, -0.365672508887, -0.00740527309981, -0.0181227407136, 1703002788374417066
0.373120336301, 0.0636694290096, 0.176512082547, 0.93062342338, -0.365443443514, -0.00800907684235, -0.0180828133039, 1703002788385059118
0.372635067521, 0.0643043379107, 0.176398701261, 0.930698017372, -0.365242641114, -0.00857088478492, -0.0180431013318, 1703002788425889015
0.372128763727, 0.0649215807586, 0.176278567563, 0.93077574793, -0.365033470377, -0.00914985861766, -0.0179820092823, 1703002788425970077
0.371614211687, 0.0655146882035, 0.176158480591, 0.930854126851, -0.364822598556, -0.00973151887781, -0.0178987051842, 1703002788426035881
0.370989720217, 0.0661888491772, 0.176012709064, 0.93096160285, -0.364538251733, -0.0104043369558, -0.0177230588483, 1703002788469851016
0.370497805593, 0.066743925466, 0.17589500023, 0.931041761848, -0.364324527939, -0.0109312195372, -0.0175893285143, 1703002788469911098
0.369952088526, 0.067348927757, 0.175767266445, 0.931116199108, -0.364122602863, -0.0115250280216, -0.0174507183566, 1703002788469959020
0.369391362549, 0.0679348052332, 0.175640193342, 0.931184086032, -0.36393534274, -0.0121439371829, -0.0173144164102, 1703002788470004081
0.368878182884, 0.0684589121282, 0.17552633246, 0.931248455824, -0.363757312139, -0.0127062721935, -0.0171895909908, 1703002788470046997
0.368280592817, 0.069002389855, 0.175387985331, 0.931335970951, -0.363519414361, -0.013345812385, -0.016995113622, 1703002788513847112
0.367726247373, 0.0694614732957, 0.175264204571, 0.931409655236, -0.36331772836, -0.0139368991952, -0.0167942023537, 1703002788513909101
0.367159025547, 0.0699155104488, 0.175134401646, 0.931475351159, -0.363134644378, -0.0145436409077, -0.0165946600946, 1703002788513957977
0.366537684268, 0.0704099487593, 0.174994338148, 0.931540756173, -0.362949904048, -0.0152059610899, -0.0163696513842, 1703002788514003038
0.365920883373, 0.0708871705846, 0.17485549099, 0.93159749125, -0.3627860235, -0.0158655576731, -0.0161461924389, 1703002788522423982
0.365377546043, 0.0713066743306, 0.174733382777, 0.931655312572, -0.362621501627, -0.0164364078155, -0.015933286308, 1703002788532126903
0.364790184019, 0.0717704990793, 0.174605563452, 0.93173378063, -0.362402893183, -0.0170406240234, -0.0156819060972, 1703002788573932886
0.364205261859, 0.0722612922092, 0.174474517701, 0.931798921176, -0.362215629769, -0.0176518098151, -0.0154603252472, 1703002788574012994
0.36365677262, 0.072700350911, 0.174355455343, 0.931855049017, -0.362051536574, -0.0182285469874, -0.0152503298704, 1703002788574070930
0.36307205129, 0.073108421728, 0.174224532715, 0.931915795148, -0.361875226099, -0.0188304494184, -0.0149895184573, 1703002788617961883
0.362416249429, 0.0735649198463, 0.174081443942, 0.931957431644, -0.36174260853, -0.0195186543253, -0.0147191342111, 1703002788618026971
0.361701356766, 0.0740145217297, 0.17392994591, 0.932002869273, -0.361596851511, -0.0202678238982, -0.0144077742326, 1703002788618077039
0.360918789488, 0.0744717429155, 0.17377146227, 0.932049973865, -0.361439200764, -0.0211088320007, -0.0141055868751, 1703002788618129014
0.360209613361, 0.0748798261855, 0.173624521372, 0.932104903401, -0.361262760552, -0.021870494178, -0.0138328731071, 1703002788661905050
0.359534967733, 0.0752698658901, 0.173479571347, 0.932149095089, -0.361113395947, -0.0225995574495, -0.0135808613612, 1703002788661966085
0.358780894375, 0.0756893574755, 0.17333035889, 0.932204450561, -0.360929946997, -0.0234097703735, -0.0132822576069, 1703002788662014961
0.358065651731, 0.0760642880388, 0.173192400495, 0.932252308491, -0.360765826685, -0.0241800329401, -0.0129991390643, 1703002788662059068
0.357261297975, 0.0764633259773, 0.173036282936, 0.932291499388, -0.360616103888, -0.0250520171227, -0.012687877026, 1703002788662102937
0.356488682766, 0.076811928011, 0.172889245685, 0.932337658517, -0.360449114029, -0.0258827302912, -0.0123697606691, 1703002788706058025
0.355653612091, 0.0771792636896, 0.172727899606, 0.932395104428, -0.360247059839, -0.0267789640259, -0.0120130014097, 1703002788706140995
0.354910686096, 0.0774857094121, 0.172577004061, 0.932438408387, -0.36008677602, -0.0275639610201, -0.011677172345, 1703002788706212043
0.354093571579, 0.0778102227398, 0.172416061294, 0.932489059342, -0.35990114007, -0.0284226028959, -0.0112906699885, 1703002788706275939
0.353286354777, 0.0781200148348, 0.172265737231, 0.932541747423, -0.359709002045, -0.0292669863639, -0.0108980122434, 1703002788712285995
0.352476650027, 0.0784284766077, 0.17212261004, 0.932587032569, -0.359532425843, -0.0301205305859, -0.0105173708715, 1703002788723402023
0.351702786627, 0.0787139710612, 0.171975413266, 0.932620960104, -0.359386398187, -0.0309306098586, -0.0101419399643, 1703002788765814065
0.350979145195, 0.0789690343416, 0.171839904157, 0.932644245925, -0.359268623655, -0.0316966714855, -0.00980242917608, 1703002788765877008
0.350241000351, 0.0792150588895, 0.171706266687, 0.932672072957, -0.359135999644, -0.0324780171685, -0.00945074006149, 1703002788765925884
0.349409941625, 0.079463591209, 0.171556785808, 0.93271215649, -0.358962389869, -0.0333514183105, -0.00903983921275, 1703002788765969991
0.348681017654, 0.079677285873, 0.171422625073, 0.9327410556, -0.358824627534, -0.0341138764314, -0.00867486650691, 1703002788810013055
0.34787415254, 0.0799131755562, 0.171284109385, 0.932769123458, -0.358678864972, -0.0349662085506, -0.0082824154457, 1703002788810094118
0.34712073284, 0.0801103913537, 0.17115736475, 0.932795345778, -0.358540582667, -0.0357624897755, -0.00790808452586, 1703002788810158967
0.346331951355, 0.080300913162, 0.171016318141, 0.93282392014, -0.358392539385, -0.0365813895199, -0.0074915732095, 1703002788810262918
0.34555168289, 0.0804805429517, 0.17087994598, 0.93285307072, -0.358242093897, -0.0373873457161, -0.00706661081305, 1703002788857875108
0.344826517813, 0.0806341236492, 0.170764832101, 0.93287961971, -0.358102133702, -0.0381333119219, -0.00665788930412, 1703002788857939004
0.344061822532, 0.0807780766643, 0.1706412362, 0.932896941366, -0.357978989849, -0.0389282973198, -0.00623917336803, 1703002788857986927
0.343190438476, 0.0809306873459, 0.170498904563, 0.932915639972, -0.357838558717, -0.0398338188317, -0.00576554148596, 1703002788858031988
0.342387033991, 0.0810581588505, 0.170362833659, 0.932921956912, -0.357734359993, -0.0406733861968, -0.00533157074172, 1703002788901870012
0.341494456167, 0.0811843999541, 0.170220036089, 0.932938006541, -0.357593865214, -0.041594337994, -0.00481814894176, 1703002788901940107
0.340651696994, 0.0812793949345, 0.170090960252, 0.932948861794, -0.357469374182, -0.0424653464654, -0.00433152948909, 1703002788901990890
0.339802341859, 0.0813890088361, 0.169957268455, 0.932950321453, -0.35736441163, -0.0433524956641, -0.00386472790986, 1703002788902041912
0.338931247777, 0.0815027650921, 0.169827792629, 0.932952520834, -0.357252062458, -0.0442618159206, -0.00338369469144, 1703002788902091026
0.33808209604, 0.0816062148358, 0.169699478122, 0.932951494879, -0.357147981841, -0.0451479355251, -0.00291396415909, 1703002788945857048
0.337208414643, 0.0817086014965, 0.16956079133, 0.932961055632, -0.357011887705, -0.0460474951744, -0.00241016587027, 1703002788945918083
0.336329546564, 0.081792439792, 0.169433250715, 0.93297321047, -0.356865541789, -0.046951104366, -0.00188876330856, 1703002788946002006
0.335450500108, 0.0818679633031, 0.169310910464, 0.932982391031, -0.356724624324, -0.0478491551373, -0.00136337052047, 1703002788946048974
0.334604642041, 0.081941258952, 0.169186218149, 0.932993915997, -0.35657984268, -0.0487077195317, -0.000852388119245, 1703002788954552888
0.333828040505, 0.0819927025438, 0.169079786913, 0.933002280019, -0.356449447313, -0.0495014299082, -0.000381348515587, 1703002788964329957
0.333044258658, 0.0820362870855, 0.168970849119, 0.933005591723, -0.356328243176, -0.0503064734364, 8.75182899933e-05, 1703002789005975961
0.332251248348, 0.0820731353985, 0.168859255906, 0.933002270606, -0.356219638934, -0.0511275784713, 0.000550092329145, 1703002789006061077
0.331408815837, 0.0821030340752, 0.168739381398, 0.933004495373, -0.356086970491, -0.0519959047034, 0.00105211854667, 1703002789006128072
0.330587193975, 0.0821217036136, 0.168633887385, 0.933002209831, -0.355965640577, -0.0528486270408, 0.0015368143707, 1703002789050000905
0.329851743544, 0.0821238406534, 0.168544923779, 0.933001639186, -0.355851523176, -0.0536069985654, 0.0019810185159, 1703002789050074100
0.329078614998, 0.0821235268791, 0.168445820075, 0.932994268429, -0.35574643452, -0.0544078271599, 0.00244085005403, 1703002789050124883
0.328297248054, 0.0821134386791, 0.168350376026, 0.932981332442, -0.355650755219, -0.0552267715056, 0.00289436286081, 1703002789050174951
0.327533625114, 0.0820899794643, 0.168267745801, 0.932971301976, -0.355547811084, -0.0560281893944, 0.00333852006454, 1703002789050220966
0.32668072871, 0.0820529701555, 0.168178103998, 0.932950528977, -0.355453225769, -0.0569361583748, 0.00381950812667, 1703002789094019889
0.325737170119, 0.0820042819526, 0.168066057241, 0.932921040284, -0.355362866543, -0.0579369332056, 0.00434481864345, 1703002789094084024
0.324830613863, 0.0819534416608, 0.167953437924, 0.932888071043, -0.355283881028, -0.058904310617, 0.00484695559261, 1703002789094135999
0.323907761483, 0.0818907861368, 0.167864909494, 0.932848875006, -0.355213513974, -0.0598972044419, 0.00535357730201, 1703002789094189882
0.322963664238, 0.0818241214541, 0.167777552183, 0.932802188669, -0.355154549322, -0.0609179796412, 0.00585855503144, 1703002789102515935
0.322005579915, 0.0817523153471, 0.167687246142, 0.932752019975, -0.355098782071, -0.0619515287696, 0.00636649721581, 1703002789113472938
0.321175864445, 0.0816834320579, 0.167602523176, 0.932706175076, -0.355053946072, -0.0628455003555, 0.00680657318053, 1703002789157874107
0.320302314855, 0.0816070408522, 0.167522793556, 0.932651942751, -0.355017565571, -0.0637972708003, 0.00726567664756, 1703002789157934904
0.319499938596, 0.0815402648475, 0.167455170209, 0.932603336633, -0.354978503163, -0.0646695491126, 0.00768948709036, 1703002789157984018
0.318616758245, 0.0814694560357, 0.167374673069, 0.932550770796, -0.354930544905, -0.0656268912237, 0.00815348567636, 1703002789158027887
0.317742536004, 0.0813991579931, 0.167297399528, 0.932497099532, -0.354884649686, -0.0665722424568, 0.00861285758544, 1703002789205920934
0.316941305181, 0.0813314060054, 0.167235263289, 0.932444325188, -0.354847828, -0.0674458706766, 0.00903625572358, 1703002789205987930
0.316056838206, 0.081259117565, 0.167162447553, 0.932387429591, -0.354801534684, -0.0684052116547, 0.00950153381777, 1703002789206038951
0.315271716354, 0.0811938574926, 0.167086530629, 0.932336345844, -0.354759967719, -0.0692530559145, 0.00991553169668, 1703002789206084012
0.314484637875, 0.0811299089977, 0.167022213809, 0.932284594562, -0.354716439103, -0.0701069681578, 0.010329355646, 1703002789249932050
0.313626011943, 0.081058288735, 0.166964515613, 0.932226191699, -0.354670717827, -0.0710406236624, 0.0107814291878, 1703002789250000000
0.312891874845, 0.0809986977817, 0.166909459593, 0.932174952213, -0.35463356899, -0.0718343917494, 0.0111673798969, 1703002789250051975
0.312171815698, 0.0809391598355, 0.166858174422, 0.932125593786, -0.354592387756, -0.072614263733, 0.0115448974375, 1703002789250097036
0.311330521292, 0.0808699412696, 0.166804711152, 0.932066303909, -0.354545455998, -0.0735268836605, 0.0119884164151, 1703002789250186920
0.310421653029, 0.0807939424277, 0.166747298634, 0.932000046055, -0.354496957103, -0.074514192168, 0.0124682285739, 1703002789293855905
0.309591692019, 0.0807267042378, 0.166687633514, 0.931939998883, -0.354449627908, -0.0754106868866, 0.0129045752119, 1703002789293917894
0.3086729691, 0.0806499702205, 0.166616792247, 0.931870833789, -0.354400564955, -0.0764055197447, 0.0133860093486, 1703002789293966054
0.307816254768, 0.0805768277714, 0.166567214677, 0.93180519754, -0.354354156616, -0.0773353713951, 0.0138363961149, 1703002789294009923
0.306906345302, 0.0805002526801, 0.166511146932, 0.931735704906, -0.354301707599, -0.0783193241163, 0.0143164124384, 1703002789302311897
0.306056271455, 0.0804314643812, 0.166465532966, 0.931668780273, -0.354255537326, -0.0792363218799, 0.0147615525343, 1703002789312159061
0.305226984116, 0.0803610011764, 0.16642349961, 0.931602854726, -0.35420949737, -0.0801304480839, 0.0151942202641, 1703002789353805065
0.304344732345, 0.0802858537942, 0.166375063449, 0.931532487089, -0.354157415575, -0.0810838505219, 0.0156575756531, 1703002789353868007
0.303547685806, 0.0802179619154, 0.166336455596, 0.931466043155, -0.354114403373, -0.0819480523553, 0.016078447939, 1703002789353915929
0.302736338627, 0.0801529649793, 0.166294621998, 0.931400904416, -0.354062282907, -0.0828247989359, 0.0165017500985, 1703002789353960990
0.30189541095, 0.080080374795, 0.166248751465, 0.931328727961, -0.354018114216, -0.0837310124714, 0.0169438139629, 1703002789398005962
0.301126924211, 0.0800162706119, 0.166217456282, 0.931263274572, -0.353973309654, -0.0845618938935, 0.017346342183, 1703002789398091077
0.30012148046, 0.0799310365324, 0.166175743441, 0.931176540722, -0.353913243682, -0.0856512950608, 0.0178751674108, 1703002789398158073
0.299342659701, 0.0798649085863, 0.166139261758, 0.931108669474, -0.35386629167, -0.0864931933984, 0.0182817052241, 1703002789398219108
0.29851232846, 0.0797912183936, 0.166100256992, 0.931034122461, -0.353819680186, -0.0873879520556, 0.0187201111691, 1703002789442011117
0.297775692333, 0.0797319211809, 0.166073390962, 0.930968759645, -0.35377297262, -0.0881864594958, 0.019104993322, 1703002789442094087
0.297080645045, 0.0796686866721, 0.16604609315, 0.93090304862, -0.35373772237, -0.0889385003735, 0.0194700023834, 1703002789442159891
0.296369957511, 0.0796108223559, 0.166020928566, 0.930840023867, -0.35368996431, -0.0897027422277, 0.0198412990897, 1703002789442225933
0.295596031567, 0.0795444869976, 0.166001256432, 0.930767540427, -0.353644658727, -0.090538867137, 0.0202473350921, 1703002789485874891
0.2948514192, 0.0794779558866, 0.165987857526, 0.930696602917, -0.353601646563, -0.0913444215623, 0.0206374784354, 1703002789485937118
0.293966185621, 0.0794023061151, 0.165962204943, 0.930612725378, -0.353546867174, -0.0923002121888, 0.0211006849564, 1703002789485985994
0.293169430267, 0.079325264747, 0.165926029923, 0.930535261405, -0.353500446413, -0.0931579366179, 0.0215211642814, 1703002789486030101
0.292327326183, 0.0792387972053, 0.16589959034, 0.930449501043, -0.353457917393, -0.0940675301137, 0.0219664840164, 1703002789530046939
0.291450190018, 0.0791466444593, 0.165892490376, 0.930361169019, -0.353407688438, -0.0950142215249, 0.0224365470283, 1703002789530112981
0.290565450393, 0.0790570856026, 0.165880288849, 0.930272214855, -0.353354461145, -0.0959663420979, 0.0229061616795, 1703002789530170917
0.289675075669, 0.0789633017119, 0.165868031884, 0.930179972389, -0.353306892872, -0.0969173281346, 0.0233771239383, 1703002789530222892
0.288822447208, 0.0788651338683, 0.165857867624, 0.930090740345, -0.353260973582, -0.0978254201714, 0.0238345639027, 1703002789573838949
0.288066420323, 0.0787680141457, 0.165850668709, 0.930006448488, -0.353228870142, -0.0986376517277, 0.0242483964501, 1703002789573901891
0.287239833512, 0.0786471641976, 0.165845718588, 0.929911340399, -0.353199255989, -0.0995214985197, 0.024711452796, 1703002789574022054
0.286418348425, 0.0785076371611, 0.165840211794, 0.929819751522, -0.353161631539, -0.100385672079, 0.0251954068995, 1703002789574114084
0.28564253557, 0.0783556627267, 0.165828303591, 0.929731328647, -0.353128350172, -0.101199207607, 0.025666032353, 1703002789617824077
0.284925374578, 0.0782045799112, 0.165825327146, 0.92964755915, -0.353099232807, -0.101952818221, 0.0261145632784, 1703002789617882966
0.284134834305, 0.0780276162714, 0.165826621516, 0.929557908045, -0.353058519708, -0.102776890815, 0.0266211939358, 1703002789617929935
0.283426059054, 0.0778585303757, 0.165813289598, 0.929473523423, -0.353030392345, -0.103515916405, 0.0270733519767, 1703002789617973089
0.282681640964, 0.0776627983129, 0.165806089609, 0.929387649843, -0.35299164625, -0.104284803551, 0.0275712485291, 1703002789661994934
0.281936023603, 0.0774446796212, 0.165807218761, 0.92929905069, -0.352957147866, -0.105050846257, 0.0280863998875, 1703002789662076950
0.281265414944, 0.0772255997484, 0.165807622608, 0.929227380375, -0.352904681687, -0.10572564677, 0.0285805671619, 1703002789662143945
0.280556572887, 0.0769817061564, 0.165805901557, 0.929147634862, -0.352858640344, -0.106433404599, 0.0291098428518, 1703002789662206888
0.279920074447, 0.0767488111833, 0.165809696319, 0.929074770265, -0.352817719129, -0.107069503974, 0.029594757049, 1703002789705909967
0.279205661622, 0.0764791470944, 0.165815561578, 0.928991406402, -0.352773280473, -0.107783966285, 0.0301429266497, 1703002789705971002
0.27851535926, 0.0762210951867, 0.165822649536, 0.92890965876, -0.352731006429, -0.108476471346, 0.0306681941224, 1703002789706018924
0.277739427539, 0.075943758738, 0.165830105184, 0.928810471171, -0.352699783066, -0.109262976396, 0.0312341745056, 1703002789706063985
0.277035420155, 0.0756937640752, 0.165831166271, 0.928716928908, -0.352677484876, -0.109981839903, 0.0317403924584, 1703002789706105947
0.276269510965, 0.0753997903749, 0.165846781185, 0.92861515353, -0.352651012842, -0.110756792254, 0.0323124240161, 1703002789749893903
0.275546450067, 0.0751048138395, 0.16586546755, 0.928518288368, -0.35262538945, -0.111485263997, 0.0328657693127, 1703002789749953985
0.274771334046, 0.0747614401082, 0.165880631223, 0.928415078022, -0.352595828291, -0.112253149879, 0.0334791743624, 1703002789750000000
0.274072092749, 0.0744369441601, 0.165894341967, 0.92831908256, -0.352573885024, -0.112943553546, 0.0340454147516, 1703002789750044107
0.273385609718, 0.0741213446262, 0.16591342154, 0.92822161723, -0.352557536521, -0.113627450029, 0.0345921284157, 1703002789757658004
0.27266614649, 0.0737487275719, 0.165931359853, 0.928117748778, -0.352542556813, -0.114334082838, 0.0351981184306, 1703002789768296003
0.272007719662, 0.0733981584669, 0.165951045758, 0.928019815324, -0.352533916257, -0.114979000811, 0.0357615663328, 1703002789809811115
0.271255854757, 0.0730178636841, 0.165979004234, 0.927906187843, -0.352526606467, -0.115721401383, 0.0363820774121, 1703002789809875965
0.270587574669, 0.0726703182016, 0.166001470706, 0.927799628766, -0.352531522324, -0.116383399864, 0.0369361457865, 1703002789809930086
0.269888266531, 0.0722573653092, 0.166017111497, 0.927687151594, -0.352537481616, -0.117060384193, 0.0375598093132, 1703002789853842020
0.269215060333, 0.0718373130388, 0.166042690909, 0.927580734497, -0.352535702829, -0.117706595617, 0.0381800545982, 1703002789853900909
0.268589420893, 0.0714473842148, 0.166067074276, 0.927480236469, -0.35253592227, -0.118307421822, 0.03875807543, 1703002789853952884
0.267867953517, 0.0709785817728, 0.166092585079, 0.927366757452, -0.352529275646, -0.118989505929, 0.0394398841889, 1703002789853998899
0.26723774233, 0.0705540012483, 0.16611927147, 0.927265322697, -0.352526758551, -0.119583434584, 0.0400463232172, 1703002789897844076
0.266599500471, 0.0701002881636, 0.166148038892, 0.92716288295, -0.352520605784, -0.120177911432, 0.0406875973818, 1703002789897923946
0.266002682957, 0.0696030581788, 0.16616747894, 0.927069711142, -0.352507176896, -0.120705513915, 0.0413596401172, 1703002789898000955
0.26545334229, 0.0690865978714, 0.166180807366, 0.926991073905, -0.352475866459, -0.121164819245, 0.0420404453019, 1703002789898127079
0.264894998224, 0.0685637842234, 0.166199045443, 0.926903901166, -0.35245983786, -0.121640824875, 0.0427168634462, 1703002789941880941
0.26431433773, 0.0680123634296, 0.166219850925, 0.926817690839, -0.352430317167, -0.122126993264, 0.043437737118, 1703002789941943883
0.263717046175, 0.0674362437615, 0.166246231195, 0.926730943162, -0.352392470192, -0.122623299045, 0.0441908641008, 1703002789941992998
0.263127953147, 0.0669017764954, 0.166282505526, 0.926643453153, -0.352357287841, -0.123127691098, 0.0448979300119, 1703002789942038059
0.262520523558, 0.0663605351967, 0.166316542316, 0.926548592146, -0.352330929826, -0.123651788606, 0.0456164165068, 1703002789942079067
0.261891529821, 0.0657598845857, 0.166347969672, 0.926445967241, -0.352312861057, -0.124187863372, 0.0463777134891, 1703002789985861063
0.261280004396, 0.0651733635819, 0.166388700484, 0.926338068259, -0.352312015381, -0.124720230605, 0.0471051079062, 1703002789985941886
0.260651291095, 0.064563224378, 0.166439476644, 0.926228645162, -0.352304611009, -0.125264950673, 0.0478607362751, 1703002789986008882
0.260088224349, 0.0639786011945, 0.166480854664, 0.92612978768, -0.352298417391, -0.125738027213, 0.0485735523458, 1703002789986072063
0.259518496647, 0.0633661360853, 0.166524788553, 0.926029301766, -0.352292341805, -0.126206816844, 0.0493120427397, 1703002789993311882
0.258941826979, 0.0627503316389, 0.1665724783, 0.925921636574, -0.35229758078, -0.126693862933, 0.0500420083052, 1703002790003427028
0.258339436828, 0.062090380059, 0.166618237809, 0.925799438345, -0.352325412043, -0.127208524879, 0.0507956217266, 1703002790045953035
0.257837327949, 0.0615138594572, 0.166654186568, 0.925686744428, -0.352373000767, -0.127643770764, 0.0514236065145, 1703002790046041965
0.257295679022, 0.060848852466, 0.166708602225, 0.925570385232, -0.35240792289, -0.128095024403, 0.0521515348744, 1703002790046119928
0.256769348193, 0.0601796418507, 0.166766249543, 0.925448877237, -0.352461439735, -0.12853451726, 0.0528600699426, 1703002790089900016
0.256289693815, 0.0595348048584, 0.16681779513, 0.925340302394, -0.352502671226, -0.128922335295, 0.0535371180262, 1703002790089958906
0.255781326019, 0.0587970948278, 0.166869427321, 0.925220721353, -0.352554195133, -0.129320780229, 0.0542981774478, 1703002790090007066
0.25533548704, 0.0580919859894, 0.166915871706, 0.92511262565, -0.352603415216, -0.129659990003, 0.0550068035272, 1703002790090050935
0.254889059383, 0.0573579285705, 0.166966585048, 0.924999520301, -0.352663470174, -0.129993294767, 0.0557324641844, 1703002790090092897
0.254450335299, 0.0566160183175, 0.16701935852, 0.924889895493, -0.352716254659, -0.130312733881, 0.0564669487603, 1703002790133974075
0.253965719478, 0.0557970767557, 0.16707600389, 0.924768682565, -0.352772999937, -0.130663080083, 0.0572822290525, 1703002790134054899
0.253496657267, 0.0549739229843, 0.167138014132, 0.92464227962, -0.352847482309, -0.13100563023, 0.0580761036419, 1703002790134120941
0.253109920727, 0.0541956788469, 0.167187419141, 0.924532535873, -0.352918870712, -0.131262112871, 0.0588057695544, 1703002790134182929
0.252677881727, 0.0533308800441, 0.167245361959, 0.924409983717, -0.352995385019, -0.131552237472, 0.0596191997258, 1703002790140341043
0.252286799864, 0.0525813010823, 0.16729841975, 0.924290236007, -0.353087619963, -0.131832301587, 0.0603070187361, 1703002790150413036
0.251909347148, 0.0518532866295, 0.167350372641, 0.924171446335, -0.353183440322, -0.132108131742, 0.0609593043643, 1703002790198069095
0.251532698682, 0.0510383970857, 0.16741174597, 0.924046368775, -0.353290654955, -0.132362739691, 0.0616776022291, 1703002790198175907
0.251211305862, 0.0502753501472, 0.167461860752, 0.92393122297, -0.353399890914, -0.13256939012, 0.06232952051, 1703002790198230028
0.250859138043, 0.0493862078722, 0.167520996283, 0.923807066445, -0.353510988527, -0.132776366289, 0.0630945443951, 1703002790198277950
0.250506999728, 0.0484511008261, 0.167579449189, 0.923677258878, -0.353633411402, -0.132976682608, 0.0638821857327, 1703002790242316961
0.250194273832, 0.0475612461195, 0.167627663882, 0.923558976555, -0.353744967777, -0.133136227346, 0.0646379112033, 1703002790242503881
0.249842221113, 0.0465970709207, 0.167685594474, 0.923421763139, -0.353881553942, -0.133330386672, 0.0654454057257, 1703002790242578029
0.249483105447, 0.0457661468571, 0.167744978006, 0.923277090007, -0.354038261621, -0.133588198018, 0.0661098912855, 1703002790242641925
0.249078049225, 0.0448526406337, 0.167812313357, 0.923114688456, -0.354212871364, -0.133886327289, 0.0668353580155, 1703002790290293931
0.248697767119, 0.0439300200139, 0.167883517333, 0.922946639711, -0.354412013586, -0.134161724662, 0.0675444779933, 1703002790290410041
0.248359519949, 0.0430081361577, 0.167951916614, 0.92279035628, -0.354601120906, -0.134386294107, 0.0682372872026, 1703002790290498971
0.248020206892, 0.0420761752063, 0.168025792677, 0.922627975625, -0.354801905538, -0.134617295784, 0.0689304729129, 1703002790290576934
0.247696911149, 0.0412296672905, 0.168093692939, 0.922480670015, -0.354976418481, -0.13483941638, 0.0695664255327, 1703002790290641069
0.247328923887, 0.0402668081628, 0.168171541521, 0.922314808027, -0.355168081692, -0.135083546798, 0.0703097719007, 1703002790334176063
0.246997339272, 0.0393583763753, 0.168242370221, 0.922162282947, -0.355345313127, -0.135289531745, 0.0710153148946, 1703002790334258079
0.246666755782, 0.0383184587577, 0.168318282203, 0.921995785975, -0.355550346141, -0.135472420495, 0.0717979476678, 1703002790334326982
0.246334789734, 0.037236627685, 0.168401563309, 0.921826348745, -0.355757948889, -0.135647584761, 0.0726098981561, 1703002790334394931
0.246046899039, 0.0362578324531, 0.168476413853, 0.921667345774, -0.355965596341, -0.135803946452, 0.0733149785807, 1703002790341358900
0.245766808359, 0.0352940236002, 0.168549933175, 0.921501168028, -0.356196013311, -0.135968521519, 0.0739767435085, 1703002790351339101
0.245499879215, 0.0342121512587, 0.1686259002, 0.92132310666, -0.356457299387, -0.13610257148, 0.0746861224447, 1703002790393882036
0.245292330636, 0.0332447754048, 0.168693343378, 0.921165746671, -0.356700276522, -0.136201133466, 0.075284999378, 1703002790393966913
0.245070302134, 0.0321747503171, 0.168773766839, 0.920997751206, -0.356957193996, -0.136301188967, 0.0759387240699, 1703002790394032955
0.244834593761, 0.0310929545218, 0.168852429649, 0.92083183268, -0.357199734654, -0.136412772254, 0.0766070561477, 1703002790442081928
0.244633199019, 0.030103681169, 0.168920961, 0.920680358494, -0.357426856816, -0.136493946006, 0.0772212549369, 1703002790442164897
0.244408796617, 0.0290086025252, 0.169000346787, 0.920505665001, -0.357694612508, -0.136584019089, 0.0779018010951, 1703002790442217111
0.244175769073, 0.0278906129172, 0.169079326155, 0.92033202806, -0.357952764531, -0.136675173504, 0.0786045382889, 1703002790442260980
0.243973389476, 0.0269033229275, 0.169149513617, 0.920163037327, -0.358223358469, -0.136765979598, 0.0791901320167, 1703002790442302942
0.243773833914, 0.0259667783347, 0.169221139813, 0.919988322689, -0.358513825981, -0.13688503485, 0.0796982429586, 1703002790490103006
0.243585355476, 0.0249198636756, 0.169295821968, 0.919805726856, -0.358823211285, -0.136979675811, 0.0802489644892, 1703002790490195989
0.243445789039, 0.0238786087569, 0.169361065871, 0.919631570621, -0.359136769098, -0.137014558199, 0.0807809769754, 1703002790490268945
0.243336118964, 0.022950738901, 0.169421060033, 0.919479682445, -0.359413215059, -0.137030422295, 0.081252186288, 1703002790490340948
0.243222714395, 0.0220297049517, 0.16948050159, 0.919331803789, -0.359679053068, -0.137042556503, 0.0817272967463, 1703002790490408897
0.243113772311, 0.0210016154242, 0.169544160662, 0.91916586056, -0.35998545431, -0.137037222768, 0.0822520093469, 1703002790534553050
0.243009225667, 0.0199225588139, 0.169609489922, 0.919004054895, -0.360278490601, -0.137007516035, 0.0828244942461, 1703002790534626007
0.242910275989, 0.0189099585025, 0.169673386144, 0.918854436762, -0.360546819795, -0.136978685277, 0.0833627888105, 1703002790534696102
0.242843599435, 0.0178912910746, 0.16973033419, 0.918704029052, -0.360835008243, -0.136919099908, 0.083869922565, 1703002790534884929
0.242775984221, 0.0167882268047, 0.169790814527, 0.918534460569, -0.361168212948, -0.136868697904, 0.0843737295481, 1703002790541218042
0.242696135504, 0.0156707076524, 0.169853994223, 0.918360768533, -0.361502719557, -0.136830893496, 0.0848916318414, 1703002790552591085
0.242634529006, 0.0145210962708, 0.169913136423, 0.91820207977, -0.361805963114, -0.136748572896, 0.0854471390459, 1703002790598201036
0.242572660285, 0.0135270581419, 0.169964344614, 0.918048162774, -0.362108423864, -0.136703323721, 0.0858909860143, 1703002790598273038
0.242523457001, 0.0125544366046, 0.170013631829, 0.917900077771, -0.362403537493, -0.136655323346, 0.0863043790358, 1703002790598325967
0.24248501016, 0.0115765863768, 0.170064648078, 0.917757819915, -0.362688774714, -0.136590083661, 0.0867213106805, 1703002790598371982
0.242454305066, 0.0104869395357, 0.170120808211, 0.917585864133, -0.36304750217, -0.13650404489, 0.0871741867761, 1703002790645953893
0.242437093964, 0.00944979638187, 0.170173097028, 0.917430881182, -0.363370471076, -0.136393883432, 0.0876309737838, 1703002790646017074
0.24242625419, 0.00829482314976, 0.170230467267, 0.917265704302, -0.363715655009, -0.136262665715, 0.0881307888634, 1703002790646078109
0.242428247194, 0.00733223065129, 0.170272203708, 0.917115182267, -0.364045751813, -0.136169907871, 0.0884770548366, 1703002790646137952
0.24241930038, 0.00635371358694, 0.170318150103, 0.916951646741, -0.364406250643, -0.136110681293, 0.0887786261996, 1703002790690180063
0.242418735592, 0.0056456578802, 0.170350380128, 0.916835401059, -0.364664879166, -0.136054240535, 0.089003465664, 1703002790690268039
0.242434950027, 0.0044703625616, 0.170400404337, 0.916640583101, -0.365104308352, -0.135927496381, 0.0894013487735, 1703002790690320968
0.242458012896, 0.0035671685331, 0.17044075942, 0.916481287401, -0.365473816702, -0.135825643561, 0.089679059429, 1703002790690380096
0.242493450614, 0.00256709449647, 0.170483536842, 0.916308918759, -0.365879442545, -0.135716735643, 0.0899509121232, 1703002790690433979
0.24252489198, 0.00157422318413, 0.170521181845, 0.916132129212, -0.366297016951, -0.135628649551, 0.0901847360682, 1703002790734083890
0.24256162857, 0.00063718907435, 0.170557508922, 0.915982939002, -0.366649444457, -0.135520724892, 0.0904299367541, 1703002790734172105
0.242611642534, -0.000442869372198, 0.170604182791, 0.915836839253, -0.366989622071, -0.13537142238, 0.0907528465784, 1703002790734241962
0.242657221675, -0.00154737988572, 0.170647115775, 0.915707095501, -0.367283188778, -0.135212451627, 0.091110742595, 1703002790734308958
0.24269838947, -0.00254283354969, 0.170689844935, 0.915571379632, -0.367595007123, -0.13506137111, 0.0914406122559, 1703002790741714954
0.242734607978, -0.00359515617823, 0.170729992885, 0.915407345058, -0.367975175756, -0.134922686912, 0.0917580034533, 1703002790752422094
0.24277013615, -0.00454964017804, 0.170767595773, 0.915256160039, -0.368327913143, -0.134798133769, 0.0920335430298, 1703002790793931961
0.242804737167, -0.00552000505934, 0.1708069584, 0.915103021292, -0.368685014846, -0.134671979514, 0.0923107695953, 1703002790794028997
0.242842182543, -0.00658615436675, 0.170850071609, 0.914941447992, -0.369058732756, -0.134528086508, 0.0926282487389, 1703002790794106960
0.242870635339, -0.0076562792624, 0.170890244171, 0.914787966149, -0.369404921941, -0.134380818465, 0.0929772889704, 1703002790837961912
0.242898255623, -0.00862344678416, 0.170928240548, 0.914654560312, -0.369704015495, -0.134238834777, 0.0933054739302, 1703002790838063001
0.242927740525, -0.00968787554887, 0.170970145628, 0.914497420845, -0.370059716749, -0.134085578718, 0.0936553836551, 1703002790838141918
0.242952528149, -0.0107423912421, 0.171010910728, 0.914334805403, -0.370428366227, -0.133942480151, 0.0939898991046, 1703002790838217973
0.242975862826, -0.0117176115118, 0.1710481444, 0.914184313724, -0.370771137741, -0.133812977797, 0.0942862181464, 1703002790838289976
0.24299449701, -0.0126923561992, 0.171084814306, 0.914035748637, -0.371109744009, -0.13370168249, 0.0945519339517, 1703002790885986089
0.243009168868, -0.0137277705802, 0.171120177294, 0.91386649392, -0.371500834352, -0.133612862086, 0.0947774469564, 1703002790886070013
0.243026225204, -0.0147595265318, 0.17115691311, 0.913725086042, -0.371822500568, -0.133515151518, 0.0950168381115, 1703002790886137962
0.243035012073, -0.0156852302566, 0.17118587523, 0.913610346194, -0.372077969418, -0.133435894916, 0.095231202602, 1703002790886204004
0.243047056718, -0.0165789303777, 0.171216283695, 0.91348507226, -0.372366035845, -0.133366694994, 0.0954037880451, 1703002790887979984
0.243056214335, -0.0174575033336, 0.171246100449, 0.913364044571, -0.372644053144, -0.133305418805, 0.0955625295779, 1703002790898463010
0.243065973749, -0.0184098753807, 0.171275189117, 0.913236618102, -0.37293876227, -0.133247697093, 0.0957110765483, 1703002790941802978
0.24307241424, -0.0193183132202, 0.171302834496, 0.913122452053, -0.373197208235, -0.133181720563, 0.095884621449, 1703002790941863059
0.2430831078, -0.020261375633, 0.171330922146, 0.913009146576, -0.373451139636, -0.133091736859, 0.0960996053788, 1703002790941911935
0.243102693933, -0.0212908781276, 0.171361421406, 0.912892249129, -0.373714037711, -0.132978681777, 0.0963443287914, 1703002790941956996
0.243119543297, -0.0222375999501, 0.171389748252, 0.912788362875, -0.373943611564, -0.132863254949, 0.0965967673137, 1703002790985948085
0.24314317335, -0.0232744668442, 0.171422318934, 0.912674401046, -0.374198947584, -0.132728013298, 0.0968703246003, 1703002790986031055
0.243164621536, -0.0242207585805, 0.17144714732, 0.912567279667, -0.374442047296, -0.132614647389, 0.0970951522803, 1703002790986097097
0.243193660583, -0.0252870417752, 0.171479824671, 0.912445383455, -0.374722309603, -0.132482337638, 0.0973398331144, 1703002790986159086
0.243211871376, -0.0262413981574, 0.171502674096, 0.912328136658, -0.374996177694, -0.132391071107, 0.0975081641088, 1703002791030035972
0.243236587755, -0.0272566324208, 0.171521488528, 0.912215055974, -0.37526630874, -0.132307927977, 0.0976396506187, 1703002791030114889
0.243260837659, -0.0281799919733, 0.171539426961, 0.912118230052, -0.375498433771, -0.132224404667, 0.0977648579619, 1703002791030164957
0.243302464467, -0.0291579708883, 0.171558618824, 0.912014931458, -0.375757033981, -0.132127987764, 0.0978652699424, 1703002791030210018
0.243342985435, -0.0300479222925, 0.171574954527, 0.911926013912, -0.375978762451, -0.132024392192, 0.0979820146917, 1703002791077836990
0.243378889178, -0.0309743901666, 0.171594540281, 0.911837207498, -0.376193166175, -0.131909040594, 0.0981407853828, 1703002791077902078
0.243431293949, -0.032002672059, 0.171613723622, 0.911730097451, -0.376459509576, -0.131763997011, 0.0983092881798, 1703002791077956914
0.243487437602, -0.0329182474165, 0.171631151147, 0.911633948449, -0.376706182376, -0.131635263352, 0.0984284188498, 1703002791078002929
0.243549742634, -0.0338590520679, 0.1716521019, 0.911538141019, -0.376959000949, -0.131512171171, 0.0985123236205, 1703002791078046083
0.243607899572, -0.0347582491574, 0.171671190072, 0.911443774528, -0.377207530913, -0.131393635192, 0.0985922772169, 1703002791123260021
0.243679142533, -0.0355626156575, 0.1716874032, 0.911351520757, -0.377461145341, -0.131269097154, 0.0986403239296, 1703002791123346090
0.243780986358, -0.0364584592467, 0.171705177931, 0.911256218604, -0.377734471185, -0.131102964271, 0.0986954208352, 1703002791123404979
0.243869357507, -0.0373671808381, 0.171725268051, 0.911143806405, -0.378046452129, -0.130950372607, 0.0987412983363, 1703002791123450994
0.243943666008, -0.0381850665888, 0.171736932784, 0.911038936752, -0.378337057354, -0.130832495344, 0.0987521387901, 1703002791129453897
0.244020640448, -0.0390706631519, 0.171748979605, 0.91092836235, -0.378647173816, -0.130717772955, 0.0987355065902, 1703002791140162944
0.24409289397, -0.0398903428428, 0.171770936298, 0.910825533664, -0.378929508198, -0.130594223372, 0.0987644868604, 1703002791185992002
0.244182818107, -0.0408088968684, 0.171797731875, 0.910712306735, -0.379241204565, -0.130424204635, 0.0988368856626, 1703002791186145067
0.244296385823, -0.0416545765084, 0.171820739312, 0.91061530662, -0.379520524127, -0.130219909298, 0.0989278036632, 1703002791186220884
0.244427576421, -0.0426093534345, 0.171853002915, 0.910506833697, -0.379832195305, -0.129972485336, 0.0990553494583, 1703002791186291933
0.244553703286, -0.0435674230074, 0.171887184321, 0.910398524539, -0.380140353304, -0.129728956865, 0.0991878826147, 1703002791230045080
0.24469506896, -0.0444130441986, 0.171913719945, 0.910296546359, -0.380445869485, -0.129487829835, 0.0992675173649, 1703002791230125904
0.244830405097, -0.045255460386, 0.171942053503, 0.910206628732, -0.380718849368, -0.129255655646, 0.0993480056721, 1703002791230175971
0.244997094587, -0.0461737565113, 0.171973197236, 0.910121419142, -0.380992403948, -0.128970503397, 0.0994504892259, 1703002791230221033
0.245160067432, -0.0469831197609, 0.172001027294, 0.910035811183, -0.381267675632, -0.12870261529, 0.0995259699756, 1703002791273885965
0.245306561959, -0.0477545559335, 0.172025911041, 0.909939528674, -0.38156489879, -0.128462981971, 0.0995768267771, 1703002791273947000
0.245445418677, -0.048599448112, 0.172057263952, 0.909832899587, -0.381881899967, -0.128226230203, 0.0996410718273, 1703002791273994922
0.245596179968, -0.049368540963, 0.172079404261, 0.909736395833, -0.382184982161, -0.127987572049, 0.0996670001015, 1703002791274039983
0.245757383429, -0.0501366540114, 0.172101829048, 0.909633898298, -0.382508614565, -0.127744576767, 0.0996727342748, 1703002791317873001
0.245941424095, -0.051028268058, 0.172130042118, 0.909521112405, -0.382864022256, -0.127446158544, 0.0997194225029, 1703002791317936897
0.246136107372, -0.0518511847836, 0.172145475051, 0.909443560792, -0.383136225702, -0.127135399689, 0.0997779155685, 1703002791317986965
0.246358629898, -0.0527355202564, 0.17216422817, 0.90937857913, -0.38339366398, -0.126792074364, 0.0998181752836, 1703002791318032979
0.246649331903, -0.0535933864228, 0.17217112164, 0.909330362484, -0.383645053996, -0.126379162837, 0.0998151872722, 1703002791365859031
0.246949769837, -0.0543929252974, 0.172163835296, 0.90927439527, -0.383922967602, -0.125964993215, 0.0997800057055, 1703002791365925073
0.247247874288, -0.0551296363421, 0.172143104377, 0.909211929521, -0.384225227563, -0.125577251901, 0.0996744477086, 1703002791365973949
0.24756400062, -0.0558493386161, 0.172111530927, 0.909159429836, -0.384515282604, -0.125177030358, 0.0995381316669, 1703002791366025924
0.247944800708, -0.0566437524531, 0.172069850366, 0.909111478815, -0.384823954572, -0.124696285009, 0.0993865160863, 1703002791366070032
0.248303671221, -0.0573661537096, 0.172027173387, 0.90906801011, -0.385109565952, -0.124238971914, 0.0992504562402, 1703002791414074897
0.248643142416, -0.0580009146529, 0.171988774995, 0.909037381696, -0.385352148088, -0.123802583822, 0.0991346603533, 1703002791414134979
0.249000176589, -0.0586234850216, 0.171946698791, 0.909009328344, -0.385595026542, -0.123344972613, 0.0990178479854, 1703002791414182901
0.249419043322, -0.0592635532329, 0.171901073574, 0.908971829819, -0.385894128824, -0.122826592132, 0.0988410957047, 1703002791414227962
0.249833192087, -0.0599014813807, 0.171854087462, 0.908926173778, -0.386208071338, -0.12230696716, 0.0986789847856, 1703002791416094064
0.250198344179, -0.0604724444673, 0.171812668842, 0.908881884563, -0.386494317325, -0.121848740731, 0.0985329740261, 1703002791426660060
0.250616589343, -0.0611331614955, 0.171762806391, 0.908838757926, -0.38679983623, -0.121313224435, 0.0983925828529, 1703002791469887018
0.251086517098, -0.0618022307914, 0.171714207255, 0.908800768441, -0.387114682057, -0.120714023409, 0.0982421028315, 1703002791469969034
0.251570732105, -0.0624826425964, 0.171664618986, 0.908755986475, -0.387451917206, -0.120097309025, 0.0980826450709, 1703002791470035076
0.252052936156, -0.0631604164066, 0.171614286049, 0.908723991385, -0.387754460168, -0.119476443733, 0.0979416433068, 1703002791513933897
0.252507088519, -0.0637785963964, 0.171570427195, 0.90870596524, -0.388006299792, -0.118884684869, 0.097831547894, 1703002791514040946
0.252992630385, -0.0643898735272, 0.171523561119, 0.908688685075, -0.388268591868, -0.118259975003, 0.0977085078075, 1703002791514096975
0.253614884324, -0.0650581853961, 0.171466268576, 0.908688736779, -0.388548888652, -0.117468807075, 0.0975480401734, 1703002791514142036
0.25418267728, -0.0656477159416, 0.171416108039, 0.908687986284, -0.388805240302, -0.116751803527, 0.0973942763717, 1703002791514184951
0.254804220509, -0.066271984125, 0.171364972435, 0.908684754058, -0.389090946578, -0.115967204461, 0.0972206795064, 1703002791558110952
0.255359440096, -0.0668572785064, 0.171319076917, 0.908682467701, -0.389341226379, -0.115256498733, 0.0970851267378, 1703002791558206081
0.255926339888, -0.0674343791754, 0.171271575879, 0.908686338186, -0.389581574554, -0.114535309574, 0.0969381164629, 1703002791558280944
0.25655673083, -0.0680639355384, 0.171211944395, 0.908686493143, -0.389856368723, -0.11373788488, 0.0967706695706, 1703002791558358907
0.257162933318, -0.0686106668085, 0.171154738748, 0.908690381714, -0.390115561042, -0.112987923171, 0.096567947221, 1703002791563359022
0.257817051115, -0.0691938436854, 0.1710982258, 0.908694417756, -0.390396788402, -0.112184521448, 0.0963298286721, 1703002791574268102
0.258441889074, -0.0697042447748, 0.171048412936, 0.90870941874, -0.390635655654, -0.111424255132, 0.0961020925565, 1703002791618014097
0.259077378064, -0.0701960915183, 0.171000152717, 0.90871994612, -0.390889807879, -0.110654878562, 0.0958577877394, 1703002791618097066
0.259709704084, -0.0706873478548, 0.170947899395, 0.908729478908, -0.391142067549, -0.109887373192, 0.0956210351857, 1703002791618165969
0.260367758779, -0.0711893015084, 0.170892744875, 0.908735856255, -0.391414861209, -0.109095833904, 0.0953501389907, 1703002791618232965
0.261012221933, -0.0716714068763, 0.170837273676, 0.908742441655, -0.391678777733, -0.1083234572, 0.0950838494672, 1703002791665883064
0.261698979886, -0.0721754940706, 0.170783065619, 0.908750717335, -0.391952945999, -0.107491381463, 0.0948189051653, 1703002791665957927
0.262388253883, -0.0726848191723, 0.170734182816, 0.908754872952, -0.392233664377, -0.106652600816, 0.0945650895135, 1703002791666024923
0.263009486653, -0.0731447001112, 0.170694027475, 0.90875636766, -0.392491676356, -0.105900368384, 0.0943252893191, 1703002791666078090
0.263703585734, -0.0736397825797, 0.170644885993, 0.908768255383, -0.392753897081, -0.105060298594, 0.0940583223129, 1703002791713969945
0.264352375629, -0.0741143762852, 0.170601204225, 0.908785267255, -0.392980011486, -0.104268680716, 0.0938301167801, 1703002791714061975
0.265070875545, -0.0746383914368, 0.170557508252, 0.908798618635, -0.393240369451, -0.103387196176, 0.0935850963993, 1703002791714133977
0.265738579239, -0.075114401599, 0.17051563799, 0.908810882676, -0.39347962442, -0.102568346893, 0.0933611209894, 1703002791714200019
0.266462586854, -0.0756114515264, 0.170476838007, 0.908824969632, -0.393735690603, -0.101683422715, 0.0931120940808, 1703002791714263916
0.267154035466, -0.0760741669895, 0.170436825102, 0.908838081233, -0.393982039113, -0.100845769832, 0.0928527095141, 1703002791758156061
0.267853570489, -0.0764452769104, 0.170392431093, 0.908852668756, -0.394233344804, -0.100029408435, 0.0925257466181, 1703002791758239984
0.268621727919, -0.0767810513106, 0.170337751556, 0.908884458708, -0.394471170567, -0.0991495443984, 0.0921461022358, 1703002791758306026
0.269487434313, -0.0771389046011, 0.170288020777, 0.908927916482, -0.394716796959, -0.0981585682356, 0.0917256143048, 1703002791758368015
0.270322738314, -0.0774763998873, 0.170246180654, 0.908966616951, -0.39495875852, -0.0972025074446, 0.0913178015671, 1703002791764589071
0.271072673145, -0.0777693402943, 0.170207445837, 0.909003157865, -0.395169912651, -0.0963467846515, 0.0909466668642, 1703002791774493932
0.271912909368, -0.0780734921446, 0.170157150192, 0.909043966494, -0.395405144952, -0.0953931422186, 0.0905206426382, 1703002791817825078
0.272759725473, -0.0783782265258, 0.17010827764, 0.909086283039, -0.395635043757, -0.0944288027447, 0.0901012949595, 1703002791817924976
0.273637979311, -0.0786889782896, 0.170065373286, 0.909134867167, -0.395857058981, -0.0934251248068, 0.0896812589722, 1703002791817975044
0.274504514798, -0.0789793428407, 0.170028808181, 0.909183034601, -0.396073616782, -0.0924409631419, 0.0892556329725, 1703002791866079092
0.27524582084, -0.0792402961055, 0.170009600181, 0.909223285784, -0.396256315468, -0.0915918334551, 0.0889094206781, 1703002791866162061
0.27605341894, -0.0795210576688, 0.169985088249, 0.909265549368, -0.396457807308, -0.0906705132303, 0.0885224592297, 1703002791866229057
0.276897950798, -0.0797735614517, 0.169949648711, 0.909308042777, -0.396674657446, -0.0897242703175, 0.0880775498988, 1703002791866291999
0.277670114689, -0.0800016059928, 0.169920979831, 0.909350813764, -0.396859859212, -0.0888563989658, 0.0876806136856, 1703002791866353988
0.278507214278, -0.0802410433092, 0.169897645939, 0.909395937698, -0.39706162186, -0.0879150829512, 0.0872469777871, 1703002791909997940
0.279350168368, -0.0804713851227, 0.169873638544, 0.909442977412, -0.397258189804, -0.0869708812188, 0.0868070693525, 1703002791910088062
0.28010212068, -0.0806778469982, 0.169856299076, 0.909484472211, -0.397430787937, -0.0861279769482, 0.0864218444288, 1703002791910164117
0.280953944092, -0.080885825545, 0.169841784919, 0.909534097719, -0.397618170262, -0.0851808322508, 0.0859752381858, 1703002791910235881
0.281728209719, -0.0810624089303, 0.169821102264, 0.909580933132, -0.397783514988, -0.0843215801111, 0.0855609280784, 1703002791913914918
0.282556002493, -0.0812284241528, 0.169807475498, 0.909628297682, -0.397966474747, -0.0834135346779, 0.0850954009692, 1703002791924384117
0.283413849065, -0.081385771336, 0.169794125969, 0.909685320625, -0.398132755291, -0.0824674740842, 0.0846288504069, 1703002791965754032
0.284298275008, -0.0815355556445, 0.169781012373, 0.909746216756, -0.398295953422, -0.0814947326358, 0.0841472705348, 1703002791965815067
0.285106904265, -0.0816697523186, 0.169765748143, 0.909804486927, -0.398435882242, -0.0806064832258, 0.0837092478244, 1703002791965862989
0.285983697086, -0.0818078836231, 0.169755460437, 0.90986867256, -0.398581832015, -0.0796399811664, 0.0832405867426, 1703002792010068893
0.286855821292, -0.0819325826932, 0.169743548474, 0.909932231132, -0.398725730512, -0.0786831774709, 0.0827652352022, 1703002792010159969
0.287670889339, -0.0820450154022, 0.169727499292, 0.909992921232, -0.398853398316, -0.0777878893852, 0.0823279674509, 1703002792010229110
0.288564302055, -0.0821608469682, 0.16972361371, 0.910056710829, -0.398998345641, -0.0768128482213, 0.0818345257202, 1703002792010296106
0.289384900754, -0.082256533119, 0.169722682745, 0.910119865288, -0.399117654005, -0.0759165182661, 0.0813855719634, 1703002792010358095
0.29027982273, -0.0823625264075, 0.169720889786, 0.910184707843, -0.399255073186, -0.0749384289028, 0.0808913840731, 1703002792053987026
0.291047476427, -0.0824529497736, 0.169724579305, 0.910240446139, -0.399369453025, -0.0740984327734, 0.0804723086765, 1703002792054059982
0.291873653887, -0.0825483144371, 0.169730021814, 0.910296386266, -0.39950041686, -0.0732010935176, 0.0800094118708, 1703002792054130077
0.292740187693, -0.0826385192615, 0.169743309637, 0.910363376306, -0.399612834254, -0.0722537940265, 0.0795455531668, 1703002792054197072
0.29352293461, -0.0827183794885, 0.169757450201, 0.910419933029, -0.399721683465, -0.0714002706279, 0.0791209369645, 1703002792062170982
0.294364491497, -0.0828041088515, 0.169777605498, 0.910480990821, -0.399835208719, -0.070482801029, 0.0786660408379, 1703002792073097944
0.29514860222, -0.0828786770222, 0.169805970638, 0.910541217491, -0.399930162053, -0.0696275006481, 0.0782468394494, 1703002792113754987
0.296015628767, -0.082962465857, 0.169839204122, 0.910607908394, -0.400030487644, -0.0686796036331, 0.0777943325007, 1703002792113814115
0.29689214018, -0.0830414526438, 0.169878131157, 0.910676006434, -0.400127141085, -0.0677205749775, 0.0773395500224, 1703002792113876104
0.297765285999, -0.0831158800072, 0.16991994351, 0.910746721018, -0.400213020428, -0.0667631330795, 0.0768936440537, 1703002792162101030
0.298516540007, -0.0831815793792, 0.169967198761, 0.910806991244, -0.400284909226, -0.0659407261197, 0.0765142913895, 1703002792162169933
0.29936862235, -0.0832510080603, 0.170018928693, 0.910877619129, -0.400358015987, -0.0650063297894, 0.0760894151116, 1703002792162215948
0.300280078507, -0.0833189918747, 0.170064163473, 0.910957076944, -0.40042320591, -0.0640027732149, 0.0756445976655, 1703002792162259101
0.301238879119, -0.083382201251, 0.1701066589, 0.911044936008, -0.400478614674, -0.0629433976345, 0.0751806654418, 1703002792162300109
0.302177393834, -0.083443221163, 0.170149236057, 0.911132382014, -0.400524871261, -0.0619049318127, 0.0747354625546, 1703002792205950975
0.303072529005, -0.0834963332633, 0.170190954044, 0.911217521601, -0.400561048302, -0.0609128270422, 0.0743175780856, 1703002792206017971
0.303885476068, -0.0835425638987, 0.170226325479, 0.911297133082, -0.400586793824, -0.0600102555884, 0.0739359525097, 1703002792206068992
0.304773670156, -0.0835936898102, 0.17026829719, 0.911380720839, -0.400618650826, -0.0590251987351, 0.0735248543472, 1703002792206113100
0.305622675325, -0.0836395656831, 0.170306345353, 0.911465199961, -0.400636004139, -0.0580811067648, 0.073133894229, 1703002792212292909
0.306465362204, -0.0836823931881, 0.170354785067, 0.911547065912, -0.400654550175, -0.0571437211559, 0.0727493861409, 1703002792222578048
0.307254077575, -0.0837198896604, 0.170406278479, 0.911624932678, -0.400665261003, -0.0562651067811, 0.0723986775021, 1703002792265903949
0.308110624744, -0.0837586139125, 0.170461930778, 0.911711277337, -0.400670194981, -0.0553099871944, 0.0720190734947, 1703002792265968084
0.308982425519, -0.0837956403429, 0.170517582526, 0.911800813542, -0.400668143721, -0.0543387717297, 0.0716352770562, 1703002792266022920
0.309802884747, -0.083828051108, 0.170572693355, 0.911883618686, -0.400666816516, -0.0534215972784, 0.0712776336488, 1703002792266071081
0.310601837729, -0.0838599869586, 0.170632248899, 0.911966191803, -0.400658234082, -0.0525294331616, 0.0709316792596, 1703002792310025930
0.311441325734, -0.0838881321495, 0.170695789603, 0.912054227247, -0.400643100837, -0.0515911575245, 0.070572974835, 1703002792310111999
0.312221363093, -0.0839162884097, 0.170760048199, 0.912131607746, -0.400637079779, -0.050720049843, 0.0702377177959, 1703002792310235977
0.312966135559, -0.0839436520255, 0.170828128856, 0.912207286772, -0.400624469153, -0.0498891526804, 0.0699211922095, 1703002792310305118
0.31373481, -0.0839739704262, 0.170899227195, 0.912282014948, -0.400617652253, -0.0490290359421, 0.069592927378, 1703002792353807926
0.314555887515, -0.0840020405866, 0.170974006152, 0.912364352623, -0.400602670906, -0.0481107182446, 0.0692397784215, 1703002792353871107
0.315290759379, -0.0840285951187, 0.171046069383, 0.912436246572, -0.400590805731, -0.0472896929713, 0.068925954784, 1703002792353919029
0.316123302028, -0.0840593675645, 0.17112882996, 0.912514510617, -0.400582562179, -0.0463594980469, 0.0685687664506, 1703002792353964090
0.317001207326, -0.0840916963607, 0.171209854777, 0.912597833848, -0.400569504542, -0.0453770969347, 0.0681922632078, 1703002792397969961
0.317867672069, -0.0841206892125, 0.171284720224, 0.912681601043, -0.40055065135, -0.0444064839163, 0.0678198717657, 1703002792398062944
0.318645925746, -0.0841447025163, 0.171354732195, 0.912755079723, -0.400535732003, -0.043533863683, 0.0674840317516, 1703002792398132085
0.319506826515, -0.084175696316, 0.171427333363, 0.912835864702, -0.400517367125, -0.0425684567341, 0.0671151937749, 1703002792398197889
0.320302755337, -0.084198497709, 0.171492233983, 0.912911498363, -0.400496420033, -0.0416757333757, 0.066770854004, 1703002792441900014
0.321178111097, -0.0842272505833, 0.171567158885, 0.912991814273, -0.400476920635, -0.0406932124791, 0.0663946200249, 1703002792441967964
0.322070399865, -0.0842535773006, 0.171648697096, 0.913072930886, -0.400456483016, -0.0396915921316, 0.0660076178054, 1703002792442015886
0.322950716372, -0.0842818528405, 0.171736477758, 0.913151691656, -0.400435914973, -0.0387035609813, 0.0656285029037, 1703002792442100048
0.323711820164, -0.0843071299779, 0.171811781833, 0.913218804822, -0.400418146392, -0.0378509974515, 0.0652994988617, 1703002792490354061
0.324539849709, -0.084333938871, 0.171893370201, 0.913289986184, -0.40040075763, -0.0369200168172, 0.0649426422616, 1703002792490415096
0.325286332231, -0.0843538990742, 0.171967495508, 0.913353756448, -0.400384234166, -0.0360828752476, 0.0646173871919, 1703002792490470886
0.326122879006, -0.0843765836063, 0.17205093652, 0.91342585686, -0.400361507362, -0.0351459919631, 0.0642543904394, 1703002792490534067
0.326872144794, -0.0843937281391, 0.172128820253, 0.913488947752, -0.40034360121, -0.0343055306607, 0.0639224050808, 1703002792490578889
0.327687446284, -0.0844079431445, 0.172214366665, 0.913555316868, -0.400326886885, -0.0333951750912, 0.0635596486775, 1703002792533981084
0.328432171938, -0.0844194669724, 0.17229233353, 0.913616092226, -0.400310059473, -0.032563993091, 0.0632224537976, 1703002792534064054
0.329247774665, -0.0844212860176, 0.172379095358, 0.913679465576, -0.400298120908, -0.0316578320282, 0.0628413100893, 1703002792534131050
0.329996134904, -0.0844125969123, 0.172456170366, 0.913734473985, -0.400293763066, -0.0308305648692, 0.0624795212256, 1703002792534194946
0.330790206185, -0.0843926389535, 0.172543429246, 0.913794430171, -0.40028379129, -0.0299587527728, 0.0620894431453, 1703002792538197040
0.331484253936, -0.0843764996432, 0.172622009083, 0.913846210064, -0.400274644878, -0.0291953566405, 0.0617490418633, 1703002792548305988
0.332295246324, -0.0843574970737, 0.172707201851, 0.913904544818, -0.400267372187, -0.0283019593515, 0.0613474760714, 1703002792589845895
0.333165746407, -0.0843386827699, 0.172797517698, 0.913965825615, -0.400260007518, -0.0273438290445, 0.0609156055793, 1703002792589910030
0.333983984415, -0.084303929216, 0.172890254454, 0.914020275751, -0.400259770071, -0.026453117757, 0.0604920204719, 1703002792589967966
0.334803153932, -0.0842653089074, 0.172991049283, 0.914075296453, -0.400256032946, -0.0255602896889, 0.0600677292425, 1703002792637922048
0.335652483062, -0.0842097115036, 0.173093809591, 0.914131477584, -0.400253575553, -0.0246410248295, 0.05961154958, 1703002792637984037
0.336471812798, -0.0841427244284, 0.17318623465, 0.914182390498, -0.400258240604, -0.0237596484961, 0.0591555308927, 1703002792638032913
0.337203361107, -0.0840751223667, 0.173267811785, 0.914223040174, -0.400273037222, -0.0229774503088, 0.0587347023838, 1703002792638077974
0.337942426077, -0.0839948892071, 0.173342936839, 0.91426812222, -0.400277346426, -0.0221917841275, 0.0583041280474, 1703002792638122081
0.338693123046, -0.0839081311137, 0.173430437994, 0.914311834207, -0.400284704361, -0.0213937456715, 0.0578647814201, 1703002792681891918
0.339494740997, -0.0838209483939, 0.173538635543, 0.914362555202, -0.40027937327, -0.0205373004022, 0.0574087125073, 1703002792681957960
0.340183446606, -0.0837383395213, 0.173631889647, 0.914411314882, -0.400259570351, -0.0198021114515, 0.057027185969, 1703002792682005882
0.340885759194, -0.0836308905528, 0.173717543022, 0.914460885356, -0.400241482124, -0.0190610068723, 0.0566102743189, 1703002792682058095
0.341607476472, -0.0835094656166, 0.173796870862, 0.914515022348, -0.400214708679, -0.0183045287666, 0.0561729924744, 1703002792683451890
0.342424712619, -0.0833670945865, 0.17389139769, 0.914576852797, -0.40018020958, -0.0174481327613, 0.0556825183683, 1703002792694427013
0.343143997535, -0.0832241765776, 0.173982807237, 0.91463411632, -0.400142056838, -0.0167014669813, 0.0552433581026, 1703002792737854957
0.343906715851, -0.0830635155337, 0.174091090956, 0.914694096232, -0.400101175537, -0.0159084183749, 0.0547784800599, 1703002792737914085
0.344587086517, -0.0828891740038, 0.174180154817, 0.914746087371, -0.400069953485, -0.0152124864992, 0.0543342268959, 1703002792737961053
0.345234003793, -0.0826891502729, 0.174259869516, 0.914790059439, -0.400056067823, -0.0145678307048, 0.0538708460907, 1703002792738004922
0.345958670884, -0.0824879817426, 0.174347455282, 0.914838191861, -0.400037892322, -0.0138346647917, 0.0533794854691, 1703002792781814098
0.346640669719, -0.0823054817943, 0.174429068235, 0.914888498791, -0.400005170268, -0.0131347098538, 0.05293749084, 1703002792781872987
0.347280254809, -0.0821100431277, 0.17451594131, 0.914934744695, -0.399976755313, -0.0124872129243, 0.0525078820087, 1703002792781919956
0.347983332464, -0.0818875155566, 0.174627979131, 0.914988530217, -0.399936165598, -0.0117733227473, 0.0520426929453, 1703002792781964063
0.348635153444, -0.0816632471176, 0.174716899093, 0.915030887478, -0.399917667599, -0.0111251875475, 0.0515806582553, 1703002792825965881
0.349329582386, -0.0814357074156, 0.174805027861, 0.915081337762, -0.399882354723, -0.0104240579237, 0.0511036855548, 1703002792826046943
0.350108074271, -0.0811813255312, 0.17490903828, 0.915136875036, -0.399841965048, -0.00963844938538, 0.0505767063995, 1703002792826112985
0.350804255005, -0.0809488635486, 0.175010173622, 0.915188066558, -0.39980041812, -0.00893770072668, 0.0501053490904, 1703002792826175928
0.351542786966, -0.0806616639437, 0.175121704033, 0.915247215664, -0.399745649775, -0.00820505630406, 0.0495845415087, 1703002792874103069
0.352294649756, -0.0803843743732, 0.175232280695, 0.91531000082, -0.39968004699, -0.00744984840914, 0.049070991389, 1703002792874202013
0.35297918513, -0.0800997759984, 0.175330445259, 0.915360428913, -0.399638139577, -0.00678074148048, 0.0485660799376, 1703002792874284982
0.353698933153, -0.0797789320849, 0.17543628466, 0.915411305165, -0.399599394499, -0.00608500329319, 0.0480149875218, 1703002792874361991
0.354416429583, -0.0794186902168, 0.175536549347, 0.915464269358, -0.399556899768, -0.00540362763534, 0.0474368652491, 1703002792874438047
0.355077163219, -0.079075882245, 0.17562884051, 0.915514041448, -0.39951386366, -0.00477638443362, 0.0469030788538, 1703002792917821884
0.35579608543, -0.0786831803375, 0.175738215769, 0.915562740964, -0.399480899741, -0.00410967591557, 0.0462924255606, 1703002792917881965
0.356443281328, -0.0783018595263, 0.175834784925, 0.915606351705, -0.399452094441, -0.00351908528015, 0.045723615366, 1703002792917929887
0.357059272757, -0.0778786737294, 0.175925405855, 0.915646020124, -0.399433150245, -0.00297839187665, 0.045129297564, 1703002792917974948
0.357665887523, -0.0774263321603, 0.17600492237, 0.91568348861, -0.399419804836, -0.00245883315987, 0.0445142935575, 1703002792923549890
0.358338374347, -0.0769393026714, 0.176098470171, 0.915731325028, -0.399385200146, -0.00187125751928, 0.0438645718404, 1703002792934257984
0.358953586785, -0.0765017203548, 0.176190264038, 0.915770427944, -0.399361819159, -0.00133264895656, 0.0432768384716, 1703002792977828025
0.359625437231, -0.0760176258102, 0.176295303059, 0.915821911364, -0.399312783075, -0.000737782872448, 0.0426495441373, 1703002792977886915
0.360199303565, -0.0755765261027, 0.176390499204, 0.915875904001, -0.399245840118, -0.000231877104296, 0.0421192812279, 1703002792977935075
0.360819223231, -0.0750822453685, 0.176488830468, 0.915937253735, -0.399164984362, 0.000313147059167, 0.0415471349035, 1703002792977978944
0.361446963749, -0.0745650988961, 0.17658286188, 0.915998696173, -0.399084200495, 0.000857531878462, 0.0409567352637, 1703002793021893978
0.362015479456, -0.0740584771023, 0.176669937681, 0.916052729429, -0.399016443543, 0.00133682625829, 0.040391677158, 1703002793022028923
0.362630459164, -0.0734673351619, 0.176764419306, 0.916116261728, -0.398932637402, 0.00184366402516, 0.0397535748914, 1703002793022102117
0.363191374138, -0.0729144841446, 0.176852169437, 0.9161738306, -0.398856600809, 0.00230149821563, 0.0391615528366, 1703002793022166967
0.363794627751, -0.0723127434456, 0.176955940856, 0.916244671399, -0.398751186328, 0.00279502218414, 0.0385406458982, 1703002793066111087
0.364372772987, -0.0716800486031, 0.177048725716, 0.916314861567, -0.398647356596, 0.00324979704665, 0.0379051232621, 1703002793066175937
0.364937351126, -0.0710415025842, 0.177133969879, 0.916386176117, -0.398538541926, 0.00369051888963, 0.0372798456481, 1703002793066282033
0.365447036735, -0.0704577340247, 0.177210634169, 0.916452091887, -0.398435667628, 0.00408723865573, 0.0367134378374, 1703002793066353082
0.366059069688, -0.0698029480341, 0.177306166521, 0.916522736767, -0.39832811582, 0.00457830918317, 0.0360530750461, 1703002793110034942
0.366660008784, -0.0691728607087, 0.177402222536, 0.916575564786, -0.398260830504, 0.00505367900436, 0.0353836862375, 1703002793110100030
0.367281778361, -0.0684913483948, 0.177505971425, 0.916626424247, -0.398201733655, 0.00552998934469, 0.0346525165567, 1703002793110147953
0.36787875669, -0.0677724827275, 0.177608072161, 0.916667888478, -0.398165938349, 0.00596040231548, 0.0338871860274, 1703002793110192060
0.368512296489, -0.0669729740974, 0.177711712907, 0.916719052879, -0.398109783863, 0.00641438071486, 0.0330701345755, 1703002793153886079
0.369062139517, -0.0662717540299, 0.177802739568, 0.916772837112, -0.398035826831, 0.0068117616253, 0.0323827978385, 1703002793153984069
0.369628891497, -0.0655285960702, 0.177897064886, 0.916837882759, -0.397935068646, 0.00722489776758, 0.0316824672679, 1703002793154032945
0.370192919681, -0.0647737248212, 0.177985709516, 0.916905538503, -0.397825881247, 0.00763712703748, 0.0309915466561, 1703002793154077053
0.370712233806, -0.0640621654603, 0.178072096682, 0.916966255668, -0.39772912624, 0.00800725582077, 0.0303366438513, 1703002793197809934
0.371258759076, -0.0632734510977, 0.17817767688, 0.917037042432, -0.397610575697, 0.00839040882788, 0.0296393984648, 1703002793197869062
0.371796413019, -0.0624778712094, 0.178277595368, 0.917109989608, -0.397484657001, 0.00876717691692, 0.028954291873, 1703002793197916030
0.37229083724, -0.0617528999259, 0.178360997566, 0.917180736326, -0.39735805784, 0.00911845698702, 0.0283359228596, 1703002793197959899
0.372823888258, -0.0609434551703, 0.178456809004, 0.917259444218, -0.397215212773, 0.00949217261414, 0.0276601770397, 1703002793245853900
0.373332935934, -0.0601281725594, 0.178546453398, 0.917334674981, -0.397079921163, 0.00983020043083, 0.0269814277909, 1703002793245913028
0.373781261134, -0.0593758112227, 0.178626971729, 0.917402370134, -0.396957508148, 0.010122493345, 0.0263659463357, 1703002793245959043
0.374254031722, -0.0585216397725, 0.17871588373, 0.917473900774, -0.396830357099, 0.0104097598446, 0.0256699431702, 1703002793246004104
0.374698959601, -0.0576541840091, 0.178800139873, 0.917545126479, -0.396702880836, 0.0106618142041, 0.0249818119561, 1703002793246082067
0.37512523133, -0.0567971330735, 0.178873831438, 0.917617583774, -0.396570683717, 0.0108956893111, 0.0243093956921, 1703002793289860010
0.375555033684, -0.0559709312002, 0.178945429974, 0.917699077164, -0.396412553945, 0.0111578577137, 0.02368529201, 1703002793289920091
0.375985965056, -0.0551449495211, 0.17902290975, 0.917778686277, -0.396257629159, 0.0114182720314, 0.0230607331237, 1703002793289967060
0.376399790736, -0.0543735021828, 0.179103610364, 0.917850256212, -0.396118343071, 0.0116758483333, 0.0224686452394, 1703002793290010929
0.376853325885, -0.0535222532872, 0.179196451287, 0.91793673736, -0.395944720967, 0.0119623749097, 0.0218363396596, 1703002793295018911
0.377300768193, -0.0526497719214, 0.179287558771, 0.918031590217, -0.395749982123, 0.0122447495455, 0.0212136069857, 1703002793306344032
0.377738484331, -0.051746971591, 0.179372153993, 0.918121477965, -0.395567185527, 0.0125044212094, 0.0205716524383, 1703002793349962949
0.378136015805, -0.0508028918901, 0.179448397544, 0.918209582828, -0.395390229976, 0.0127031080114, 0.0199087691699, 1703002793350023031
0.378469495958, -0.0499147258762, 0.179509174612, 0.91828936756, -0.395230748972, 0.0128428632313, 0.019296459709, 1703002793350069999
0.378811065234, -0.0489796272648, 0.179569713655, 0.918363100564, -0.395087215347, 0.012971051687, 0.0186295359723, 1703002793350115060
0.379121296594, -0.0480450950611, 0.179628728411, 0.918442350832, -0.394929303658, 0.0130681561501, 0.0179921261943, 1703002793393862962
0.379478885607, -0.0470458365495, 0.179698000157, 0.918530966027, -0.39474948513, 0.0132032771397, 0.0173026562241, 1703002793393968105
0.379825434008, -0.0460615819608, 0.179760974318, 0.918621964319, -0.394561324558, 0.0133390275745, 0.0166468668767, 1703002793394021987
0.380128149362, -0.0451713972708, 0.179824231154, 0.918705895913, -0.394385828697, 0.0134551864707, 0.016070248721, 1703002793394067049
0.3804338559, -0.0441724402388, 0.179883971677, 0.918799047662, -0.394191028924, 0.0135463835679, 0.0154349675705, 1703002793437834024
0.380707229035, -0.0432837126775, 0.179937477262, 0.918895976583, -0.393982181947, 0.0136413041847, 0.0149043398888, 1703002793437891960
0.38097978597, -0.0422987864009, 0.179991352979, 0.919005595851, -0.393744347494, 0.0137189910781, 0.0143489684013, 1703002793437938928
0.381238956712, -0.0414042652736, 0.18004435778, 0.91910810718, -0.393519511473, 0.0138117058642, 0.0138534539863, 1703002793437982082
0.381489716393, -0.0404987622906, 0.180094523139, 0.919191418421, -0.393340753183, 0.0138803516617, 0.0133238141576, 1703002793482093095
0.381758614198, -0.0394584870395, 0.180144645069, 0.91927294755, -0.393169754833, 0.0139242145357, 0.0126849532061, 1703002793482162952
0.382026980114, -0.0384022932818, 0.180198788848, 0.919362345917, -0.392979917995, 0.0139609450302, 0.012031333108, 1703002793482217073
0.382281772553, -0.0373793754324, 0.180251702955, 0.919459416091, -0.392769959845, 0.0139965672712, 0.0114121386939, 1703002793482261896
0.382536686296, -0.0363986910347, 0.180305084574, 0.919561515655, -0.39254512316, 0.0140525457466, 0.0108384116921, 1703002793526130914
0.382779029422, -0.0354552984003, 0.180353397556, 0.919670926951, -0.392300267429, 0.0141175139226, 0.0103238605699, 1703002793526232957
0.382990240058, -0.0344808519237, 0.180397275965, 0.919774711823, -0.392069742347, 0.014136146621, 0.00979622299922, 1703002793526326894
0.383174573033, -0.0335716973236, 0.18043603443, 0.919879783522, -0.391834298251, 0.0141456487091, 0.00932562087887, 1703002793526413917
0.383373880308, -0.0325605084365, 0.180476390858, 0.920003039518, -0.391555959586, 0.0141585079052, 0.00882464981818, 1703002793574060916
0.383577485822, -0.0315585462103, 0.180525101375, 0.920122884054, -0.391283787711, 0.0141866381564, 0.00834356110742, 1703002793574121952
0.383770435959, -0.0305393183359, 0.180564403574, 0.920228584032, -0.391045027785, 0.0141957059265, 0.00784992407292, 1703002793574170112
0.383950998513, -0.0294970341738, 0.180601683163, 0.920334652016, -0.390805704769, 0.0141833239611, 0.00733912387202, 1703002793574214935
0.384111449549, -0.0284061886613, 0.180633762148, 0.920434038686, -0.390584187984, 0.0141194784465, 0.00676851932273, 1703002793574258089
0.384268802755, -0.0274040131556, 0.180669213444, 0.920530851284, -0.390366531379, 0.0140729708887, 0.00623494221673, 1703002793617978096
0.384411072068, -0.0264156695509, 0.180695852768, 0.920633827771, -0.390133494357, 0.0140154721466, 0.00572523231618, 1703002793618069887
0.38454759881, -0.0254427904022, 0.180725687299, 0.920739458102, -0.389892764505, 0.0139633003324, 0.0052448759371, 1703002793618150949
0.38468261357, -0.0243857938713, 0.180752926589, 0.920863097163, -0.389608749057, 0.0139099850798, 0.004763534089, 1703002793618230104
0.384812142655, -0.0233137653337, 0.180781264746, 0.920980565098, -0.389339003376, 0.0138443924635, 0.00427457135495, 1703002793625008106
0.384925059344, -0.0223745714115, 0.180807373792, 0.921084674016, -0.389098784418, 0.0137927729637, 0.0038624694659, 1703002793635549068
0.38504906926, -0.0213613385156, 0.180833582533, 0.921195466314, -0.3888424205, 0.0137412106393, 0.00341525883926, 1703002793681844949
0.385169183087, -0.0203817524491, 0.18085936265, 0.921311311953, -0.38857259782, 0.013702937376, 0.00300536156403, 1703002793681904077
0.385274804346, -0.0195179858145, 0.180884209535, 0.921424879876, -0.388306891583, 0.013671823902, 0.00265140065934, 1703002793681956052
0.385390895644, -0.0185570875707, 0.180909687355, 0.92154107327, -0.388035450271, 0.0136232439771, 0.00222414759471, 1703002793682002067
0.38549486784, -0.0176344142822, 0.180931023111, 0.921642021178, -0.387800288958, 0.0135553423358, 0.00178139783074, 1703002793729835033
0.385588992161, -0.016599463731, 0.180952525506, 0.921762900236, -0.387518087868, 0.0134598473329, 0.00131142451711, 1703002793729897022
0.385661318406, -0.0156473319387, 0.180970707766, 0.921871194509, -0.387264732064, 0.0133682176902, 0.000904869708295, 1703002793729945898
0.385722026079, -0.0146186105756, 0.180980502264, 0.921992847729, -0.386979647603, 0.0132550285898, 0.000495272318304, 1703002793729991912
0.385788908739, -0.0136011383919, 0.180994926945, 0.922119231829, -0.386681898093, 0.0131613247186, 0.000107283829812, 1703002793773927927
0.385840355565, -0.0126730364188, 0.181007628362, 0.922225147747, -0.386432433202, 0.0130648329459, -0.000248139494774, 1703002793773987054
0.385876502693, -0.0116902585256, 0.181015765315, 0.922347820285, -0.386142952112, 0.0129524709384, -0.000593672104766, 1703002793774033069
0.385917873675, -0.0108127813753, 0.181024696888, 0.922455575476, -0.385887830194, 0.0128638328179, -0.000903098545784, 1703002793774076938
0.385960152427, -0.0098258791542, 0.181033547619, 0.922576751666, -0.385600538468, 0.0127586503721, -0.00125652702757, 1703002793774118900
0.385989046374, -0.00881485234761, 0.1810383744, 0.922687904169, -0.385337500229, 0.0126240298418, -0.0016359364938, 1703002793817977905
0.38601372179, -0.00776447870859, 0.181043058671, 0.922798312578, -0.385075903545, 0.0124758399539, -0.00204358248784, 1703002793818063020
0.386035164493, -0.00666878081722, 0.181046503993, 0.922903596599, -0.384826334379, 0.0123041447568, -0.00250035501647, 1703002793818129062
0.386055078029, -0.00570083668958, 0.181051649539, 0.923001626869, -0.384593153517, 0.0121510617854, -0.00290770740963, 1703002793818191051
0.386066137984, -0.00476034404925, 0.181052534311, 0.923112311943, -0.384328975414, 0.0120074151814, -0.0032741680931, 1703002793826360940
0.386079676792, -0.00377050801138, 0.181056514234, 0.923239699677, -0.384023934329, 0.0118693334895, -0.00363231680851, 1703002793837160110
0.386083606208, -0.00290139509421, 0.181054124237, 0.923358094043, -0.38374008528, 0.0117399565094, -0.00394341673867, 1703002793881849050
0.38609088979, -0.00192979227649, 0.181054868663, 0.92348068933, -0.383445480244, 0.0115942906534, -0.00430726591156, 1703002793881911039
0.386095299989, -0.00104564528773, 0.181056544314, 0.923584911798, -0.383194532404, 0.0114594063766, -0.00464144812559, 1703002793881958007
0.386095712274, -7.85477200369e-05, 0.181055438073, 0.923720701767, -0.382867028484, 0.0113296816791, -0.00495398229159, 1703002793882005929
0.386097524082, 0.00080370648674, 0.181056542403, 0.923850011625, -0.382554559495, 0.0112206099243, -0.00522139277203, 1703002793925973892
0.38609680609, 0.00170065782795, 0.181055174088, 0.923964508913, -0.382277423032, 0.0111003699037, -0.00550816644677, 1703002793926059961
0.386091649524, 0.00270833934428, 0.181052407859, 0.924067550027, -0.382027390383, 0.0109520799994, -0.0058555895088, 1703002793926126956
0.386082770385, 0.0036355079221, 0.181045650514, 0.924169477304, -0.38177971918, 0.0108160287896, -0.00616739528938, 1703002793926188945
0.386075912881, 0.00468082258023, 0.18104614018, 0.924269045915, -0.381536650228, 0.0106454751786, -0.00657184560561, 1703002793969854116
0.386070020181, 0.00561735729787, 0.181045111116, 0.924369041015, -0.381292224918, 0.0104980072496, -0.00692149364239, 1703002793969913005
0.386062549767, 0.00651928399037, 0.181043812959, 0.924478848493, -0.381023756008, 0.0103650781927, -0.00723333954009, 1703002793969959020
0.386050168127, 0.00746074878798, 0.181040166063, 0.924607922271, -0.380708339074, 0.0102432401613, -0.00751176844019, 1703002793970002889
0.386029635781, 0.00839347958932, 0.181028726293, 0.924734349895, -0.380399369434, 0.0101247459027, -0.00775831031917, 1703002794018043041
0.386015476846, 0.0093440646605, 0.181025995361, 0.924840358665, -0.380138962605, 0.010004237069, -0.00803712223349, 1703002794018122911
0.385998739929, 0.0103021676503, 0.181020954252, 0.924924764404, -0.37993035684, 0.00985834597942, -0.00836164806325, 1703002794018188953
0.385982447758, 0.0111391459109, 0.181015805383, 0.925021505216, -0.379692072578, 0.00974768138705, -0.00860973960967, 1703002794018300056
0.385960562885, 0.0120518542143, 0.181007842825, 0.925124828489, -0.379437001063, 0.00961306794434, -0.00889959897295, 1703002794018362998
0.385940211406, 0.0128695107966, 0.181002456959, 0.925221986896, -0.379196714631, 0.0094891963598, -0.00916960905622, 1703002794061911106
0.385916284975, 0.0137871383821, 0.180993638165, 0.925315592193, -0.378963811888, 0.00933552430571, -0.00950432052483, 1703002794061985015
0.385888262797, 0.0147309515178, 0.180984069975, 0.925415337886, -0.378715236933, 0.00917118988708, -0.0098544911984, 1703002794062037944
0.385858745993, 0.0157246229609, 0.180974535043, 0.925518248996, -0.37845783248, 0.00899743564347, -0.0102316157806, 1703002794062083005
0.385829121447, 0.0166294265182, 0.18096580902, 0.92561143714, -0.378224308271, 0.00883800963105, -0.0105702249302, 1703002794069048881
0.385802049637, 0.0175214007144, 0.180961750167, 0.925705272278, -0.377988907905, 0.00869064460955, -0.0108906875241, 1703002794079276084
0.385768879347, 0.0184782565793, 0.180950584301, 0.92580134082, -0.37774770401, 0.00853770400576, -0.0112096860947, 1703002794125864982
0.385730917367, 0.0193978475981, 0.180938620528, 0.925900388798, -0.377499920778, 0.00840439318806, -0.0114737095938, 1703002794125925064
0.385692293465, 0.0202307411489, 0.18092467184, 0.925963297905, -0.377340382335, 0.00826643123019, -0.011741929444, 1703002794125971078
0.38565513254, 0.021066539845, 0.18091266044, 0.926034433537, -0.377160216148, 0.0081305420006, -0.0120122248372, 1703002794126014947
0.385612962705, 0.0219697281603, 0.180897583007, 0.926114130743, -0.376958712701, 0.00798870228508, -0.0122852103199, 1703002794169850111
0.385565416802, 0.0227678044393, 0.180876822818, 0.926192347145, -0.376762234794, 0.00786680637968, -0.0124927130805, 1703002794169924020
0.385512735641, 0.0236317767936, 0.180853317059, 0.92627978038, -0.376543044639, 0.00774914078372, -0.0126907371457, 1703002794169972896
0.385449542489, 0.0244230074236, 0.1808180777, 0.926350004072, -0.376366718602, 0.0076250420367, -0.01286941405, 1703002794170028924
0.385382123751, 0.0252057032633, 0.180777624034, 0.92640823289, -0.376219731003, 0.00749040531198, -0.0130535001443, 1703002794213977098
0.38530784762, 0.0260542603809, 0.180732600913, 0.926476616043, -0.376047449926, 0.0073515019334, -0.0132420069594, 1703002794214056968
0.385231686393, 0.0268544947871, 0.180687204087, 0.926528040402, -0.375916178299, 0.00719868944989, -0.013453479528, 1703002794214123010
0.385148772962, 0.0276746903158, 0.180636772683, 0.926568268388, -0.375811111783, 0.00702021223463, -0.0137101749528, 1703002794214184045
0.385047706671, 0.0285630714312, 0.180572487088, 0.926631436498, -0.375649398227, 0.00681950677391, -0.0139715722698, 1703002794257848024
0.384961917693, 0.029359861247, 0.180518520814, 0.926693610593, -0.375490028445, 0.00664323464722, -0.0142147127052, 1703002794257906913
0.384859618803, 0.0302304055169, 0.180451820207, 0.926777469067, -0.37527758007, 0.00646085829824, -0.0144401536345, 1703002794257953882
0.384742968123, 0.0310801478296, 0.180374607772, 0.926877665019, -0.375027104997, 0.00629371830483, -0.0145895070984, 1703002794257998943
0.384625449509, 0.0318701573419, 0.180299090941, 0.926950745137, -0.374843525581, 0.00612710117767, -0.0147345190423, 1703002794258047103
0.384510887367, 0.0326713784277, 0.180224188426, 0.927015225448, -0.37468029778, 0.00595416057004, -0.0148994702884, 1703002794301981925
0.384396046418, 0.0334516116921, 0.180146518226, 0.927098093923, -0.374472652598, 0.00579932256883, -0.0150241325486, 1703002794302062988
0.384271275904, 0.0342112593654, 0.180064332442, 0.927189607102, -0.374244455719, 0.00564776664179, -0.0151202704157, 1703002794302128076
0.384125056894, 0.0350621665996, 0.179968612381, 0.927263893324, -0.374057248373, 0.00544859535885, -0.0152695738467, 1703002794302190065
0.38398171724, 0.0358549469501, 0.179879182918, 0.927326737752, -0.373898029372, 0.00524805553929, -0.015422159216, 1703002794308438062
0.38380739892, 0.0367515882479, 0.179780308292, 0.927404405169, -0.373700777026, 0.00499687110474, -0.0156150504951, 1703002794319238901
0.383651966943, 0.0375726803704, 0.179688753898, 0.927479919658, -0.37350850355, 0.00476926737715, -0.0158003321492, 1703002794361880064
0.383482357329, 0.0384819581373, 0.179590259216, 0.92757128232, -0.37327627226, 0.00452558722123, -0.015995619504, 1703002794361962080
0.383314212581, 0.0394167138142, 0.179498050615, 0.927655043271, -0.373060927142, 0.0042723607296, -0.0162299805038, 1703002794362032890
0.383155898797, 0.0403177782902, 0.179416417136, 0.927746380006, -0.372826645011, 0.00403104703355, -0.0164528968574, 1703002794410047054
0.383005053617, 0.0411050399043, 0.179343142771, 0.927830372493, -0.372612081617, 0.00381570227516, -0.0166275953925, 1703002794410131931
0.382830231357, 0.0419495537099, 0.179262435829, 0.927922608053, -0.372376833702, 0.00357040704579, -0.016804147714, 1703002794410198926
0.382665503706, 0.0426929309397, 0.179193781063, 0.928007990811, -0.37215965508, 0.00334840592822, -0.0169454507223, 1703002794410262107
0.38248430353, 0.0434293703809, 0.179123103074, 0.928093104965, -0.371943173728, 0.00310328892572, -0.0170831388277, 1703002794410322904
0.382260115085, 0.0442521413534, 0.17904810248, 0.928176130917, -0.37173107339, 0.00279984731936, -0.0172406475249, 1703002794454088926
0.382030264322, 0.0450825762755, 0.178973867202, 0.928284893198, -0.371455471556, 0.00250110071393, -0.0173704981943, 1703002794454173088
0.381828197046, 0.0458061155393, 0.178912086677, 0.928395334698, -0.37117767151, 0.00226341252051, -0.0174389118598, 1703002794454241037
0.381602167361, 0.0466055159619, 0.178841556976, 0.928508845909, -0.370891639986, 0.00199561744767, -0.0175137651039, 1703002794454304933
0.381387449426, 0.0473156152807, 0.178777062892, 0.928597794247, -0.370667569968, 0.00174473224632, -0.0175682953866, 1703002794456749916
